breed,breed_size,breed_group,avg_life_span_years,adaptability,adapts_well_to_apartment_living,good_for_novice_owners,sensitivity_level,tolerates_being_alone,tolerates_cold_weather,tolerates_hot_weather,all_around_friendliness,affectionate_with_family,kid_friendly,dog_friendly,friendly_toward_strangers,health_and_grooming_needs,amount_of_shedding,drooling_potential,easy_to_groom,general_health,potential_for_weight_gain,size,trainability,easy_to_train,intelligence,potential_for_mouthiness,prey_drive,tendency_to_bark_or_howl,wanderlust_potential,physical_needs,energy_level,intensity,exercise_needs,potential_for_playfulness,country_origin,height_min,height_max,weight_min,weight_max,life_span_min,life_span_max,avg_height,avg_weight,lat,long
Afador,Very Large,Mixed Breed Dogs,11,2.4,1,1,3,3,4,2,3,4,2,3,1,3.2,4,3,2,3,4,4,3.6,1,5,4,4,4,4,4,4,4,4,3,United States of America,20,29,50,75,10,12,24.50001323,61.9939144,39.7837304,-100.445882
Affenhuahua,Small,Mixed Breed Dogs,16,3,4,4,4,1,2,3,3,4,3,2,2,3.2,2,1,4,4,5,1,3.2,3,3,4,2,4,2,3.33,4,3,3,3,United States of America,6,12,4,12,13,18,9.00000486,7.936632,39.7837304,-100.445882
Affenpinscher,Small,Companion Dogs,13,3.2,5,4,3,1,3,3,3.33,5,1,4,3,2.4,1,1,3,4,3,1,3,2,4,4,3,2,2,3.33,4,3,3,4,Germany,9,11,7,9,12,14,10.0000054,7.936632,51.1638175,10.4478313
Afghan Hound,Very Large,Hound Dogs,11,4,5,3,5,2,5,5,4.67,5,5,4,2,2,4,1,1,3,1,4,3,1,4,3,5,2,5,3.67,5,2,4,4,Afghanistan,24,26,50,60,10,12,25.0000135,54.564345,33.7680065,66.2385139
Airedale Terrier,Very Large,Terrier Dogs,12,2.2,1,2,3,2,3,3,4,4,4,4,3,2.4,2,1,2,3,4,3,4.6,4,5,5,5,4,4,4.33,5,3,5,5,England,21,23,40,65,10,13,22.00001188,52.0731244,52.5310214,-1.2649062
Akbash,Very Large,Working Dogs,11,2.8,1,2,3,4,4,2,4,5,4,3,2,3.4,4,2,3,4,4,4,2.8,3,4,3,1,3,1,2,2,2,2,3,Turkey,27,34,75,140,10,12,30.50001647,106.6595156,39.294076,35.2316631
Akita,Very Large,Working Dogs,11,3,2,2,5,1,5,2,2.33,5,1,1,2,3.8,5,5,1,4,4,4,3.4,2,3,3,4,5,4,3.67,4,3,4,5,Japan,24,28,70,130,10,12,26.00001404,99.2079,36.5748441,139.2394179
Akita Chow,Very Large,Mixed Breed Dogs,11,2.8,2,1,4,2,5,2,1,1,1,1,2,2.8,4,3,1,2,4,4,3,2,4,3,4,2,3,4,4,4,4,2,United States of America,23,25,88,145,10,12,24.00001296,115.5661804,39.7837304,-100.445882
Akita Pit,Very Large,Mixed Breed Dogs,11,2.6,3,1,2,4,3,3,3.33,4,3,3,2,3.6,3,3,4,4,4,4,3.4,3,4,3,4,3,1,3.33,3,4,3,3,United States of America,16,23,30,70,10,12,19.50001053,49.60395,39.7837304,-100.445882
Akita Shepherd,Very Large,Mixed Breed Dogs,12,3,3,3,2,3,4,3,3.33,4,3,3,3,3,4,2,3,3,3,4,2.8,4,4,2,3,1,2,3.33,3,3,4,3,United States of America,24,28,75,120,10,13,26.00001404,96.7387256,39.7837304,-100.445882
Alaskan Klee Kai,Medium,Companion Dogs,14,3.2,3,2,4,2,5,2,3,4,3,2,2,3.2,4,2,4,4,2,2,3.6,4,4,2,5,3,4,3.33,4,2,4,4,United States of America,13,17,10,15,12,16,15.0000081,12.3899644,39.7837304,-100.445882
Alaskan Malamute,Very Large,Working Dogs,14,2.4,1,1,4,1,5,2,3,4,3,2,5,2.8,5,1,1,4,3,4,4,4,4,3,4,5,5,5,5,5,5,5,United States of America,23,25,75,100,12,15,24.00001296,86.8179356,39.7837304,-100.445882
American Bulldog,Very Large,Working Dogs,13,1.8,1,1,4,1,2,2,3.67,5,4,2,2,2.8,1,4,4,3,2,4,3,4,3,2,4,2,3,4,4,4,4,4,United States of America,20,28,60,120,10,16,24.00001296,89.28711,39.7837304,-100.445882
American English Coonhound,Very Large,Hound Dogs,11,2.8,1,2,5,2,4,4,4.67,5,5,4,5,3.2,3,1,5,4,3,3,4.4,5,4,3,5,5,5,5,5,5,5,5,United States of America,23,26,40,75,10,12,24.50001323,57.0555656,39.7837304,-100.445882
American Eskimo Dog,Large,Companion Dogs,14,4,5,4,4,2,5,3,5,5,5,5,4,3.6,5,1,3,5,4,2,3.8,5,4,3,3,4,3,4,5,3,4,5,United States of America,15,19,25,35,12,15,17.00000918,29.76237,39.7837304,-100.445882
American Foxhound,Very Large,Hound Dogs,12,2,1,2,2,1,4,4,4.67,4,5,5,4,3.8,3,1,5,5,5,3,3.4,2,3,3,4,5,5,4.67,5,4,5,5,United States of America,21,25,40,60,12,13,23.00001242,49.60395,39.7837304,-100.445882
American Hairless Terrier,Medium,Terrier Dogs,14,2.6,4,3,3,2,1,3,3.67,4,4,3,3,3,1,1,5,4,4,2,3.4,3,4,3,4,3,3,3.33,4,3,3,5,United States of America,12,16,10,16,13,16,14.00000756,12.897027,39.7837304,-100.445882
American Leopard Hound,Very Large,Hound Dogs,14,3.2,2,4,3,3,4,4,4.33,5,4,4,3,2.8,2,2,4,4,2,4,3.8,4,4,3,4,4,4,3.67,4,3,4,4,United States of America,21,27,35,75,12,15,24.00001296,54.564345,39.7837304,-100.445882
American Pit Bull Terrier,Very Large,Terrier Dogs,14,2.4,3,2,4,1,2,3,3.67,5,5,1,5,3.4,4,1,5,4,3,3,3.8,4,4,5,3,3,4,4.33,4,5,4,5,United States of America,17,19,30,85,12,16,18.00000972,57.0555656,39.7837304,-100.445882
American Pugabull,Very Large,Mixed Breed Dogs,13,2.6,3,3,4,1,2,3,4,5,4,3,3,3,3,3,4,2,3,3,3.2,3,3,2,4,4,2,3.67,4,4,3,5,United States of America,12,20,25,70,12,14,16.00000864,47.1347756,39.7837304,-100.445882
American Staffordshire Terrier,Very Large,Terrier Dogs,12,2.2,2,2,3,2,2,3,3.33,4,4,2,4,2.8,2,3,4,3,2,3,4,4,4,5,3,4,3,3.67,3,5,3,4,United States of America,16,19,40,60,10,15,17.50000945,49.60395,39.7837304,-100.445882
American Water Spaniel,Large,Sporting Dogs,14,2.4,2,2,5,1,2,4,4,5,5,2,3,2.6,3,1,3,3,3,3,3.4,4,3,5,2,3,5,4,5,2,5,5,United States of America,15,18,25,45,12,15,16.50000891,34.722765,39.7837304,-100.445882
Anatolian Shepherd Dog,Very Large,Working Dogs,12,3,1,2,4,3,5,3,2.33,3,2,2,1,3,2,3,4,3,3,5,2.8,4,4,2,2,2,4,3,3,3,3,3,Turkey,23,29,80,150,11,13,26.00001404,114.089085,39.294076,35.2316631
Appenzeller Sennenhunde,Very Large,Herding Dogs,10,2.6,1,3,3,1,5,4,4.33,5,5,3,2,3.2,3,1,5,4,3,3,4.2,4,4,5,3,5,3,4.33,4,4,5,4,Switzerland,19,22,48,55,9,12,20.50001107,51.1030916,46.7985624,8.2319736
Auggie,Large,Mixed Breed Dogs,14,3.2,2,3,4,3,4,3,5,5,5,5,4,2.8,4,1,2,3,4,3,4,5,5,3,3,4,3,4.67,5,4,5,5,United States of America,10,13,20,30,12,15,11.50000621,24.801975,39.7837304,-100.445882
Aussiedoodle,Very Large,Mixed Breed Dogs,12,2.6,2,3,3,2,3,3,4.33,5,4,4,4,3.6,3,4,3,4,4,3,3.6,5,5,3,3,2,3,4.67,5,4,5,5,United States of America,10,15,25,70,10,13,12.50000675,47.1347756,39.7837304,-100.445882
Aussiepom,Medium,Mixed Breed Dogs,14,2.6,3,2,3,2,3,3,3.67,4,3,4,4,3,3,2,2,4,4,3,3.4,4,4,4,2,3,2,4,5,3,4,5,United States of America,11,17,10,30,12,15,14.00000756,19.84158,39.7837304,-100.445882
Australian Cattle Dog,Large,Herding Dogs,14,2.8,2,1,4,3,4,4,4,5,3,4,2,3.4,3,1,4,5,4,3,4.2,5,5,5,4,2,4,5,5,5,5,5,Australia,17,20,30,50,12,15,18.50000999,39.68316,-24.7761086,134.755
Australian Kelpie,Large,Herding Dogs,12,2.6,2,2,4,2,3,5,3,4,2,3,2,2.6,3,1,4,3,2,3,4.6,5,5,5,4,4,4,4.33,5,3,5,4,Australia,15,20,25,46,10,15,17.50000945,35.2298276,-24.7761086,134.755
Australian Retriever,Large,Mixed Breed Dogs,14,2.8,1,4,3,2,4,4,3.67,4,4,3,3,3.2,3,2,3,4,4,4,3,4,4,2,3,2,4,4.33,5,3,5,4,United States of America,19,23,25,60,12,15,21.00001134,42.1523344,39.7837304,-100.445882
Australian Shepherd,Very Large,Herding Dogs,14,2.8,1,2,5,2,4,4,4.67,5,4,5,3,2.2,3,1,1,2,4,3,4.4,5,5,4,4,4,5,4.67,5,4,5,5,United States of America,18,23,40,65,12,15,20.50001107,52.0731244,39.7837304,-100.445882
Australian Shepherd Husky,Very Large,Mixed Breed Dogs,14,2.6,1,2,4,1,5,4,3.33,5,3,2,2,3.2,4,2,3,3,4,4,4.2,4,5,3,4,5,5,5,5,5,5,5,United States of America,18,25,40,65,12,15,21.50001161,52.0731244,39.7837304,-100.445882
Australian Shepherd Lab Mix,Very Large,Mixed Breed Dogs,14,3.6,2,2,5,4,5,4,4,4,4,4,4,3.4,4,2,4,4,3,4,4,5,5,4,3,3,5,5,5,5,5,5,United States of America,22,25,40,80,12,15,23.50001269,59.52474,39.7837304,-100.445882
Australian Shepherd Pit Bull Mix,Very Large,Mixed Breed Dogs,13,2.6,2,3,3,2,3,3,3.67,4,4,3,3,3.6,4,2,3,4,5,4,3.4,4,4,3,4,2,3,3.67,4,3,4,4,United States of America,17,23,30,85,10,16,20.0000108,57.0555656,39.7837304,-100.445882
Australian Stumpy Tail Cattle Dog,Large,Herding Dogs,14,2.4,1,2,3,2,4,4,2.67,3,3,2,2,3.4,4,2,3,4,4,3,3,3,4,3,3,2,4,4.67,5,4,5,3,Australia,17,20,35,51,13,15,18.50000999,42.659397,-24.7761086,134.755
Australian Terrier,Medium,Terrier Dogs,15,3,5,3,2,2,3,4,3,4,3,2,3,3,1,1,5,5,3,1,3.6,3,4,1,5,5,4,4.67,5,5,4,5,Australia,10,11,14,16,11,15,10.50000567,14.881185,-24.7761086,134.755
Azawakh,Large,Hound Dogs,14,2.8,5,2,3,3,1,5,3,4,2,3,2,3,3,1,5,3,3,4,2.8,3,3,3,4,1,2,3,3,2,4,3,Mali,23,27,33,55,12,15,25.0000135,43.651476,16.3700359,-2.2900239
Barbet,Very Large,Sporting Dogs,14,2.6,3,2,3,1,4,4,4.33,5,4,4,3,2.2,2,1,1,4,3,3,3.2,4,4,2,3,3,3,3.67,5,3,3,4,France,20,25,37,62,13,15,22.50001215,49.1189336,46.603354,1.8883335
Basenji,Medium,Hound Dogs,11,3.4,5,4,3,4,1,4,4.67,5,5,4,5,2.2,1,1,5,2,2,2,3.2,1,4,5,5,1,5,3.67,5,1,5,2,Congo,16,17,22,24,10,12,16.50000891,22.817817,-2.9814344,23.8222636
Bassador,Very Large,Mixed Breed Dogs,11,2.8,2,2,3,3,4,4,3,3,3,3,3,3.6,5,4,3,3,3,4,2.8,2,3,2,4,3,3,3,3,2,4,3,United States of America,13,20,45,70,10,12,16.50000891,57.0555656,39.7837304,-100.445882
Basset Fauve de Bretagne,Large,Hound Dogs,14,3.4,4,4,3,3,3,1,4.33,5,4,4,3,2.6,2,1,4,5,1,2,3.2,3,5,3,3,2,1,3.33,4,2,4,3,France,12,15,25,35,12,15,13.50000729,29.76237,46.603354,1.8883335
Basset Hound,Very Large,Hound Dogs,11,3.6,5,4,4,3,2,2,5,5,5,5,5,3.8,4,4,5,1,5,3,3.6,2,4,3,5,4,5,2,2,2,2,2,France,11,15,50,65,10,12,14.00000756,57.0555656,46.603354,1.8883335
Basset Retriever,Very Large,Mixed Breed Dogs,11,2.8,3,3,2,2,4,4,3.67,4,4,3,4,3.2,2,2,4,4,4,3,3.8,4,5,3,5,2,4,3.33,4,2,4,4,United States of America,10,14,40,70,10,12,12.00000648,54.564345,39.7837304,-100.445882
Bavarian Mountain Scent Hound,Very Large,Hound Dogs,12,2.2,2,3,2,2,2,3,4,5,4,3,2,2.4,1,2,3,4,2,3,3,3,4,2,4,2,2,3.33,4,2,4,4,Germany,17,20,44,55,10,14,18.50000999,49.1189336,51.1638175,10.4478313
Beabull,Very Large,Mixed Breed Dogs,12,3.4,4,3,4,4,2,2,4.67,5,5,4,3,3.8,4,3,5,3,4,3,3.6,3,3,4,4,4,4,3.33,3,4,3,5,United States of America,12,16,30,60,10,13,14.00000756,44.643555,39.7837304,-100.445882
Beagle,Medium,Hound Dogs,12,2.8,4,3,4,1,2,4,5,5,5,5,5,2.8,3,1,4,1,5,2,3.6,1,4,3,5,5,5,4.33,4,5,4,5,England,13,15,18,30,10,15,14.00000756,23.809896,52.5310214,-1.2649062
Beaglier,Medium,Mixed Breed Dogs,12,3.2,5,4,4,1,2,3,5,5,5,5,5,3,3,1,4,2,5,2,3.2,2,4,3,3,4,4,3.33,3,3,4,5,Australia,12,16,10,20,10,15,14.00000756,14.881185,-24.7761086,134.755
Bearded Collie,Very Large,Herding Dogs,13,3.4,3,4,4,2,4,3,4.67,5,4,5,4,2.8,4,1,2,3,4,3,3.6,5,4,3,3,3,5,4,4,4,4,5,Scotland,20,22,45,55,12,14,21.00001134,49.60395,56.7861112,-4.1140518
Bedlington Terrier,Medium,Terrier Dogs,15,3.6,4,4,3,3,4,3,4.33,5,4,4,5,2.8,5,1,1,4,3,3,4,3,5,4,5,3,4,3.33,4,2,4,5,England,15,16,17,23,14,16,15.50000837,19.84158,52.5310214,-1.2649062
Belgian Laekenois,Very Large,Herding Dogs,11,2.6,3,3,2,2,3,3,4,4,4,4,3,3.2,3,3,4,3,3,4,3,3,4,2,4,2,3,3.67,4,3,4,4,Belgium,22,26,44,66,10,12,24.00001296,54.564345,50.6402809,4.6667145
Belgian Malinois,Very Large,Herding Dogs,13,3.2,1,3,5,3,4,4,3.67,5,4,2,3,2.8,2,1,5,4,2,4,3.8,5,5,3,4,2,3,4.67,5,4,5,5,Belgium,22,26,40,80,12,14,24.00001296,59.52474,50.6402809,4.6667145
Belgian Sheepdog,Very Large,Herding Dogs,11,3.6,3,3,5,3,4,3,4.67,4,5,5,4,2.8,5,1,3,3,2,4,3.6,5,5,2,5,1,4,4.33,5,3,5,5,Belgium,22,26,60,75,10,12,24.00001296,66.9763556,50.6402809,4.6667145
Belgian Tervuren,Very Large,Herding Dogs,11,3.2,3,3,5,1,4,3,3.33,4,3,3,3,2.6,4,1,3,3,2,4,3.8,5,5,2,2,5,4,4,5,3,4,5,Belgium,21,26,40,70,10,12,23.50001269,54.564345,50.6402809,4.6667145
Bergamasco Sheepdog,Very Large,Herding Dogs,14,3.2,3,4,2,3,4,3,4.33,4,5,4,4,2.8,2,1,4,5,2,3,3,3,5,2,2,3,3,3,4,2,3,4,Italy,20,24,55,85,13,15,22.00001188,69.44553,42.6384261,12.674297
Berger Picard,Very Large,Herding Dogs,14,3.8,3,4,5,3,4,3,4.33,5,5,3,2,3.6,4,1,5,5,3,4,3,4,4,2,3,2,2,4.33,5,3,5,5,France,21,25,50,70,13,14,23.00001242,59.52474,46.603354,1.8883335
Bernedoodle,Very Large,Mixed Breed Dogs,15,3.4,3,3,4,2,5,3,4.67,5,5,4,3,2.6,1,2,3,4,3,3,3.8,4,5,4,3,3,3,3.33,4,3,3,5,United States of America,10,29,10,90,12,18,19.50001053,49.60395,39.7837304,-100.445882
Bernese Mountain Dog,Very Large,Working Dogs,8,2.6,1,2,4,1,5,1,4.33,5,5,3,5,3.4,5,4,3,1,4,5,4.4,4,4,5,5,4,3,3.33,4,3,3,4,Switzerland,23,28,70,115,6,10,25.50001377,91.7562844,46.7985624,8.2319736
Bichon Frise,Small,Companion Dogs,14,3.8,5,5,5,1,3,4,4.33,5,4,4,5,2.4,2,1,1,4,4,2,3.6,5,4,3,4,2,2,3.67,5,3,3,5,Spain,9,11,7,12,12,15,10.0000054,9.4357736,39.3260685,-4.8379791
Biewer Terrier,Very Small,Terrier Dogs,14,3.2,5,3,3,3,2,3,4,5,4,3,3,2.6,1,1,4,4,3,1,2.8,3,4,3,1,3,1,3.67,5,3,3,4,Germany,7,11,4,8,12,15,9.00000486,5.952474,51.1638175,10.4478313
Black and Tan Coonhound,Very Large,Hound Dogs,11,2.4,1,2,3,2,4,4,5,5,5,5,5,4.4,5,3,4,5,5,3,3.6,2,5,1,5,5,5,5,5,5,5,5,United States of America,23,27,75,100,10,12,25.0000135,86.8179356,39.7837304,-100.445882
Black Mouth Cur,Very Large,Working Dogs,15,2.4,1,2,4,2,3,3,4.33,5,5,3,3,3.2,3,2,5,4,2,4,3.8,3,4,3,5,4,4,4,4,3,5,4,United States of America,16,25,40,95,12,18,20.50001107,66.9763556,39.7837304,-100.445882
Black Russian Terrier,Very Large,Working Dogs,10,3,3,2,4,2,4,3,3.67,4,5,2,2,2.8,3,3,2,3,3,5,3.4,4,4,4,2,3,3,4,3,5,4,5,Russia,26,28,80,140,10,11,27.00001458,109.12869,64.6863136,97.7453061
Bloodhound,Very Large,Hound Dogs,13,2.4,1,2,4,2,3,3,5,5,5,5,5,3.2,4,5,1,3,3,4,3.8,3,4,5,3,4,5,4.67,5,4,5,3,Belgium,23,27,80,110,11,15,25.0000135,94.247505,50.6402809,4.6667145
Blue Lacy,Large,Working Dogs,14,2.4,1,1,4,2,4,5,3,4,3,2,2,3.2,3,2,5,4,2,3,4.8,5,5,4,5,5,4,5,5,5,5,4,United States of America,17,25,25,50,12,16,21.00001134,37.2139856,39.7837304,-100.445882
Bluetick Coonhound,Very Large,Hound Dogs,11,2.8,2,2,5,2,3,3,4.33,5,5,3,3,3.2,2,2,5,4,3,3,3.4,2,4,3,4,4,5,4.67,5,4,5,5,United States of America,23,30,45,100,10,12,26.50001431,71.9147044,39.7837304,-100.445882
Bocker,Large,Mixed Breed Dogs,14,3.4,5,3,5,1,3,4,4.33,5,4,4,4,2.8,3,1,3,3,4,2,4.4,4,4,4,5,5,5,3.67,4,3,4,4,United States of America,12,15,20,30,12,15,13.50000729,24.801975,39.7837304,-100.445882
Boerboel,Very Large,Working Dogs,11,2,1,1,3,2,3,4,3.33,4,4,2,2,3.6,3,4,4,4,3,5,3,2,4,3,3,3,4,3.67,3,4,4,4,South Africa,22,28,110,200,10,12,25.0000135,153.772245,-28.8166236,24.991639
Boglen Terrier,Large,Mixed Breed Dogs,12,3.2,4,4,4,2,2,3,5,5,5,5,5,2.6,2,1,4,3,3,2,3.2,2,2,4,4,4,5,4.33,4,5,4,5,United States of America,12,17,10,40,10,15,14.50000783,24.801975,39.7837304,-100.445882
Bohemian Shepherd,Very Large,Herding Dogs,12,3,2,3,4,2,4,3,4,4,4,4,3,3.2,4,1,4,4,3,3,3,4,5,2,2,2,3,3.67,4,3,4,5,Czech Republic,19,22,35,60,10,15,20.50001107,47.1347756,49.7439047,15.3381061
Bolognese,Small,Companion Dogs,13,3.4,5,3,5,2,2,3,5,5,5,5,5,2.2,1,1,1,5,3,1,4.4,5,4,4,5,4,1,3.33,3,3,4,3,Italy,9,12,8,14,12,14,10.50000567,10.912869,42.6384261,12.674297
Borador,Very Large,Hybrid Dogs,12,2.6,3,3,2,2,3,3,4.33,5,4,4,4,3.4,4,3,3,3,4,4,3.4,4,5,3,3,2,3,3.67,4,3,4,5,United States of America,19,24,40,65,10,15,21.50001161,52.0731244,39.7837304,-100.445882
Border Collie,Large,Herding Dogs,14,2.8,2,2,5,1,4,4,4,5,4,3,5,2.4,3,1,3,2,3,3,3.6,5,5,3,3,2,3,4.33,5,3,5,5,Scotland,18,22,30,45,12,15,20.0000108,37.2139856,56.7861112,-4.1140518
Border Sheepdog,Large,Mixed Breed Dogs,14,2.6,2,3,2,2,4,2,4,5,4,3,3,2.6,3,1,3,4,2,3,4,4,5,4,3,4,2,4.33,5,3,5,4,United States of America,16,22,25,45,12,15,19.00001026,34.722765,39.7837304,-100.445882
Border Terrier,Medium,Terrier Dogs,14,3,4,3,3,1,4,3,3.67,5,4,2,5,3,3,1,2,4,5,2,3.8,3,5,5,5,1,4,4.33,4,4,5,5,England,10,11,11,15,12,15,10.50000567,12.897027,52.5310214,-1.2649062
Bordoodle,Very Large,Mixed Breed Dogs,14,3.6,4,4,3,3,4,4,4,4,5,3,2,3,2,2,4,4,3,3,3.2,4,5,3,2,2,3,2.67,3,2,3,4,United States of America,12,22,30,60,12,15,17.00000918,44.643555,39.7837304,-100.445882
Borzoi,Very Large,Hound Dogs,11,3.6,5,3,5,1,4,3,3.67,4,3,4,4,3.2,5,1,4,4,2,5,3.4,3,4,3,5,2,4,2,2,2,2,3,Russia,26,32,55,105,10,12,29.00001566,79.36632,64.6863136,97.7453061
BoShih,Medium,Mixed Breed Dogs,14,3,5,4,3,1,2,2,3,4,2,3,4,2.8,2,1,5,3,3,2,1.8,2,3,1,1,2,2,2.67,3,2,3,5,United States of America,12,15,10,20,12,15,13.50000729,14.881185,39.7837304,-100.445882
Bossie,Large,Mixed Breed Dogs,14,3,2,2,3,5,3,3,4,4,4,4,4,2.4,2,1,3,3,3,3,3.4,4,4,3,3,3,5,4.33,4,4,5,5,United States of America,15,23,25,40,12,15,19.00001026,32.2315444,39.7837304,-100.445882
Boston Boxer,Large,Mixed Breed Dogs,14,3,4,3,3,2,3,3,4,4,4,4,2,3.6,3,3,4,4,4,3,3.2,3,4,3,3,3,2,3.67,4,3,4,5,United States of America,15,23,22,55,12,15,19.00001026,38.1840184,39.7837304,-100.445882
Boston Terrier,Medium,Companion Dogs,14,4,5,4,5,3,3,2,4.67,4,5,5,4,3,2,1,5,4,3,2,3,4,4,2,2,3,5,4.33,4,5,4,5,United States of America,12,15,10,25,13,15,13.50000729,17.3724056,39.7837304,-100.445882
Boston Terrier Pekingese Mix,Medium,Mixed Breed Dogs,12,2.8,4,3,3,2,2,2,3.67,4,4,3,3,3.2,2,2,4,4,4,1,3,2,4,3,2,4,2,3,3,3,3,4,United States of America,10,15,10,25,10,15,12.50000675,17.3724056,39.7837304,-100.445882
Bouvier des Flandres,Very Large,Herding Dogs,11,3,3,2,4,2,4,2,4,5,5,2,2,2.2,1,1,2,3,4,4,3.4,5,4,2,2,4,2,4.33,4,5,4,4,Belgium,23,26,70,100,10,12,24.50001323,84.326715,50.6402809,4.6667145
Boxador,Very Large,Mixed Breed Dogs,14,2,2,2,3,1,2,2,4.33,5,4,4,4,3.4,4,2,5,2,4,4,3.6,5,5,3,2,3,3,5,5,5,5,5,United States of America,23,25,50,110,12,15,24.00001296,79.36632,39.7837304,-100.445882
Boxer,Very Large,Working Dogs,11,2.8,4,3,4,1,2,1,4,5,4,3,4,3.4,4,2,5,2,4,3,3.2,4,4,2,3,3,3,5,5,5,5,5,Germany,21,25,60,70,10,12,23.00001242,64.485135,51.1638175,10.4478313
Boxerdoodle,Large,Mixed Breed Dogs,11,2.4,1,3,3,2,3,3,3.67,4,3,4,3,2.8,2,2,3,3,4,3,3,4,4,2,3,2,4,4,4,4,4,5,United States of America,10,25,12,70,10,12,17.50000945,40.675239,39.7837304,-100.445882
Boxmatian,Very Large,Mixed Breed Dogs,12,2,1,2,3,2,2,4,3,4,3,2,1,3.4,3,2,3,5,4,5,3.4,3,4,4,3,3,4,4.67,5,4,5,4,United States of America,19,25,50,90,10,13,22.00001188,69.44553,39.7837304,-100.445882
Boxweiler,Very Large,Mixed Breed Dogs,10,2.8,2,3,4,2,3,2,4.33,5,4,4,2,3,3,2,3,3,4,4,3,4,4,2,2,3,1,3.67,4,3,4,4,United States of America,21,27,70,100,8,13,24.00001296,84.326715,39.7837304,-100.445882
Boykin Spaniel,Large,Sporting Dogs,11,2.8,1,3,4,3,3,4,4.67,5,5,4,3,2.4,4,1,1,2,4,3,3.4,4,4,4,2,3,4,5,5,5,5,4,United States of America,14,18,25,40,10,12,16.00000864,32.2315444,39.7837304,-100.445882
Bracco Italiano,Very Large,Sporting Dogs,12,2.6,1,2,4,3,3,3,4.67,5,4,5,3,3,3,2,5,2,3,4,3.2,3,4,2,5,2,3,4.33,4,4,5,4,Italy,22,26,55,90,10,14,24.00001296,71.9147044,42.6384261,12.674297
Braque du Bourbonnais,Very Large,Working Dogs,14,2.2,1,3,3,2,2,3,4.33,5,4,4,4,2.4,2,1,4,4,1,3,3.6,4,4,3,4,3,2,4,5,2,5,3,France,18,23,35,55,12,15,20.50001107,44.643555,46.603354,1.8883335
Briard,Very Large,Herding Dogs,11,3.4,3,3,4,3,4,3,4.67,4,5,5,2,1.8,1,1,1,3,3,4,3.4,4,4,2,3,4,5,4,4,4,4,4,France,22,27,70,100,10,12,24.50001323,84.326715,46.603354,1.8883335
Brittany,Large,Sporting Dogs,12,2.8,1,3,5,1,4,3,5,5,5,5,4,3.6,3,5,3,4,3,3,3.8,3,5,3,5,3,4,4.33,5,3,5,5,France,17,20,30,40,10,13,18.50000999,34.722765,46.603354,1.8883335
Broholmer,Very Large,Companion Dogs,10,3,2,4,3,3,3,3,4,5,4,3,3,3.2,3,2,4,4,3,5,3.2,4,4,3,2,3,2,3,3,3,3,3,Denmark,22,30,90,150,8,12,26.00001404,119.04948,55.670249,10.3333283
Brussels Griffon,Small,Companion Dogs,14,2.8,5,2,5,1,1,2,4.33,5,4,4,3,3,3,3,3,3,3,1,3,3,4,3,1,4,5,4,5,3,4,5,Belgium,7,8,7,12,12,15,7.50000405,9.4357736,50.6402809,4.6667145
Bugg,Medium,Mixed Breed Dogs,12,3.2,5,4,3,2,2,3,3,4,3,2,3,3.2,2,2,4,4,4,2,3.6,3,4,4,3,4,2,3,4,3,2,4,United States of America,14,18,10,25,10,15,16.00000864,17.3724056,39.7837304,-100.445882
Bull Arab,Very Large,Hybrid Dogs,14,2.4,2,1,2,3,4,4,2.33,3,3,1,2,3,2,2,4,4,3,4,3.2,2,4,3,5,2,4,4.33,4,5,4,2,Australia,24,27,60,95,12,15,25.50001377,76.8971456,-24.7761086,134.755
Bull-Pei,Very Large,Mixed Breed Dogs,10,2.6,4,2,3,3,1,1,2.33,3,2,2,2,3.6,4,3,4,3,4,3,2.6,3,2,4,2,2,1,2,2,2,2,2,United States of America,16,18,35,65,9,11,17.00000918,49.60395,39.7837304,-100.445882
Bull Terrier,Very Large,Terrier Dogs,12,3,4,3,5,2,1,4,4.67,5,5,4,5,3.6,3,1,5,4,5,2,3.6,5,4,4,4,1,5,4.67,4,5,5,5,England,21,22,35,75,10,15,21.50001161,54.564345,52.5310214,-1.2649062
Bullador,Very Large,Mixed Breed Dogs,11,2.4,2,2,4,2,2,2,4,4,4,4,4,4,4,4,4,3,5,4,3.6,4,4,2,4,4,3,4,4,4,4,4,United States of America,17,20,50,90,10,12,18.50000999,69.44553,39.7837304,-100.445882
Bullboxer Pit,Very Large,Mixed Breed Dogs,12,2,1,2,3,2,2,2,3.33,4,4,2,2,4,4,4,4,4,4,3,3.8,2,4,4,5,4,3,5,5,5,5,4,United States of America,16,20,50,80,10,14,18.00000972,64.485135,39.7837304,-100.445882
Bulldog,Very Large,Companion Dogs,10,3.4,5,4,4,3,1,1,3.67,5,4,2,5,4.4,3,5,5,4,5,2,2.6,3,2,2,2,4,1,2.67,2,3,3,4,England,12,15,40,50,8,12,13.50000729,44.643555,52.5310214,-1.2649062
Bullmastiff,Very Large,Working Dogs,9,3,3,2,4,2,4,2,4.67,5,5,4,3,3.6,1,5,5,2,5,5,3.2,3,3,3,3,4,3,3,2,4,3,5,England,24,27,100,130,8,10,25.50001377,114.089085,52.5310214,-1.2649062
Bullmatian,Very Large,Mixed Breed Dogs,10,2.2,2,1,3,3,2,2,4.33,4,5,4,3,3.4,2,3,4,4,4,3,2.6,1,4,3,3,2,3,4.33,5,4,4,4,United States of America,11,24,41,65,8,12,17.50000945,52.580187,39.7837304,-100.445882
Cairn Terrier,Medium,Terrier Dogs,14,3.4,5,4,3,1,4,4,4.67,5,5,4,4,3.2,3,1,5,4,3,1,3.6,2,5,3,4,4,3,4.33,5,4,4,5,Scotland,9,10,13,14,12,15,9.50000513,13.4040896,56.7861112,-4.1140518
Canaan Dog,Very Large,Herding Dogs,14,3.2,4,2,4,3,3,5,3,4,2,3,2,3.4,4,1,5,5,2,3,3.6,5,4,3,3,3,2,3.33,4,3,3,4,Israel,19,24,35,55,12,15,21.50001161,44.643555,30.8124247,34.8594762
Cane Corso,Very Large,Working Dogs,11,1.8,1,1,3,1,3,4,3,4,2,3,2,3.8,3,4,5,3,4,4,3.8,4,5,2,5,3,2,4,4,3,5,2,Italy,23,27,90,120,10,12,25.0000135,104.168295,42.6384261,12.674297
Cardigan Welsh Corgi,Large,Herding Dogs,14,3.8,4,4,4,3,4,3,4,5,4,3,3,3.2,4,1,3,4,4,2,3.8,4,5,2,4,4,3,3,3,3,3,4,Wales,10,12,25,38,12,15,11.00000594,31.2615116,52.2928116,-3.73893
Carolina Dog,Large,Hound Dogs,14,2.2,2,2,2,1,4,4,3.33,2,3,5,2,3.8,4,2,4,5,4,3,2.8,2,4,2,5,1,3,4.33,4,5,4,3,United States of America,18,20,33,55,12,15,19.00001026,43.651476,39.7837304,-100.445882
Catahoula Bulldog,Very Large,Mixed Breed Dogs,12,1.6,1,1,2,3,1,5,3,4,3,2,1,2.8,1,1,5,4,3,4,3.4,2,3,4,5,3,3,5,5,5,5,4,United States of America,24,26,75,100,10,14,25.0000135,86.8179356,39.7837304,-100.445882
Catahoula Leopard Dog,Very Large,Herding Dogs,12,1.8,1,1,2,2,3,3,3,5,3,1,1,3,3,1,5,3,3,4,2.4,2,3,3,1,3,3,4,4,3,5,2,United States of America,20,26,50,90,10,14,23.00001242,69.44553,39.7837304,-100.445882
Caucasian Shepherd Dog,Very Large,Working Dogs,11,2.6,2,1,2,3,5,2,2.67,4,2,2,2,3.4,4,4,2,3,4,5,3.2,2,4,4,3,3,2,2.67,2,4,2,3,Russia ,24,34,80,220,10,12,21.50001161,54.564345,64.6863136,97.7453061
Cav-a-Jack,Medium,Mixed Breed Dogs,14,3,4,4,3,1,3,3,4,4,4,4,4,3,2,2,4,3,4,2,3.6,4,4,3,4,3,3,3.67,4,3,4,5,United States of America,10,17,13,18,12,17,13.50000729,15.3882476,39.7837304,-100.445882
Cavachon,Large,Mixed Breed Dogs,12,3.8,5,5,5,1,3,3,5,5,5,5,5,2.6,2,1,2,4,4,2,3.6,4,4,3,4,3,2,3.67,4,3,4,5,United States of America,12,13,15,35,10,15,12.50000675,24.801975,39.7837304,-100.445882
Cavador,Large,Mixed Breed Dogs,12,3.4,3,5,4,2,3,3,4.67,5,5,4,3,3.4,3,2,4,4,4,3,3.2,4,4,2,3,3,3,3.67,4,3,4,5,United States of America,18,24,22,55,10,14,21.00001134,38.1840184,39.7837304,-100.445882
Cavalier King Charles Spaniel,Medium,Companion Dogs,12,3.8,5,5,5,1,3,2,5,5,5,5,5,3.2,3,1,4,4,4,2,3.2,4,4,3,3,2,2,3,3,2,4,5,England,12,13,13,18,9,15,12.50000675,15.3882476,52.5310214,-1.2649062
Cavapoo,Medium,Mixed Breed Dogs,14,3,3,3,3,2,4,3,4.67,5,5,4,4,2.6,2,1,3,3,4,2,3.2,4,4,3,3,2,3,2.67,3,2,3,5,United States of America,9,14,9,25,12,15,11.50000621,16.865343,39.7837304,-100.445882
Central Asian Shepherd Dog,Very Large,Working Dogs,14,2.6,1,1,4,2,5,2,3.33,3,3,4,2,4.4,4,5,5,5,3,4,2.6,2,5,2,1,3,2,3.33,3,3,4,2,Central Asia,24,28,88,110,12,15,26.00001404,98.215821,3.1624869,101.7125461
Cesky Terrier,Medium,Terrier Dogs,12,3.8,5,4,4,3,3,3,3.33,5,3,2,3,3,1,1,4,5,4,2,3,4,3,3,2,3,3,2.67,2,3,3,5,Czech Republic,10,13,13,30,10,15,11.50000621,21.3407216,49.7439047,15.3381061
Chabrador,Very Large,Mixed Breed Dogs,11,3.4,4,2,4,3,4,1,3.33,4,4,2,2,3.6,4,3,4,4,3,3,3.4,2,4,4,4,3,3,3.33,3,4,3,4,United States of America,18,24,45,80,9,13,21.00001134,61.9939144,39.7837304,-100.445882
Cheagle,Medium,Mixed Breed Dogs,12,2.8,4,4,4,1,1,2,3.67,5,3,3,2,3.2,3,1,5,3,4,2,3.4,2,4,3,4,4,3,3.67,4,4,3,4,United States of America,9,14,9,20,10,14,11.50000621,14.3741224,39.7837304,-100.445882
Chesapeake Bay Retriever,Very Large,Sporting Dogs,11,2.2,1,1,3,2,4,4,3,5,3,1,1,4.2,5,3,5,4,4,3,3.2,3,4,3,3,3,4,5,5,5,5,4,United States of America,21,26,55,80,10,12,23.50001269,66.9763556,39.7837304,-100.445882
Chi Chi,Small,Mixed Breed Dogs,16,2.8,4,2,4,2,2,3,2.67,3,3,2,3,3,2,1,4,4,4,2,3.4,3,4,3,3,4,2,3.67,4,4,3,4,United States of America,5,12,4,11,11,20,8.50000459,7.4516156,39.7837304,-100.445882
Chi-Poo,Medium,Mixed Breed Dogs,14,4.2,5,5,5,4,2,3,4.33,5,5,3,3,2.2,2,1,3,2,3,2,3.8,5,5,3,3,3,3,2.33,3,2,2,4,United States of America,5,15,5,20,12,15,10.0000054,12.3899644,39.7837304,-100.445882
Chigi,Medium,Mixed Breed Dogs,13,3.4,3,4,5,2,3,2,4,5,5,2,2,3.2,4,1,5,3,3,1,3,4,4,2,3,2,3,4,4,4,4,4,United States of America,7,12,10,20,12,14,9.50000513,14.881185,39.7837304,-100.445882
Chihuahua,Very Small,Companion Dogs,14,3.2,5,4,5,1,1,2,4,5,5,2,2,2.6,2,1,5,2,3,1,3.4,4,4,3,3,3,2,2,3,2,1,4,Mexico,6,9,3,6,10,18,7.50000405,4.4533324,23.6585116,-102.0077097
Chilier,Small,Mixed Breed Dogs,14,2.8,4,2,4,2,2,2,4,4,4,4,3,3.2,2,3,4,4,3,2,3,2,4,3,3,3,2,3.67,4,4,3,4,United States of America,8,12,6,12,12,16,10.0000054,8.928711,39.7837304,-100.445882
Chinese Crested,Medium,Companion Dogs,12,3,5,3,5,1,1,3,4.33,4,5,4,4,2.4,2,1,2,5,2,2,3.4,4,3,4,3,3,1,1.67,2,1,2,3,China,11,13,8,12,10,14,12.00000648,11.904948,35.000074,104.999927
Chinese Shar-Pei,Very Large,Working Dogs,10,2.8,4,2,2,4,2,1,1.67,2,2,1,2,2.8,2,2,5,1,4,3,3.4,3,2,5,2,5,2,2,2,1,3,1,China,18,20,40,55,8,12,19.00001026,47.1347756,35.000074,104.999927
Chinook,Very Large,Working Dogs,14,3.2,4,1,5,1,5,4,5,5,5,5,4,3,5,1,2,4,3,4,3.2,4,5,3,2,2,2,3,3,3,3,4,United States of America,21,27,55,70,12,15,24.00001296,61.9939144,39.7837304,-100.445882
Chion,Small,Mixed Breed Dogs,12,2.8,4,3,3,2,2,3,3.67,5,3,3,2,3,2,2,3,4,4,2,3.4,3,3,4,3,4,1,3,4,3,2,4,United States of America,5,11,4,11,10,15,8.00000432,7.4516156,39.7837304,-100.445882
Chipin,Small,Mixed Breed Dogs,12,3.2,5,4,5,1,1,2,3.67,5,4,2,2,3,2,1,5,3,4,1,2.8,4,3,2,3,2,3,3,4,3,2,5,United States of America,8,12,5,15,10,14,10.0000054,9.92079,39.7837304,-100.445882
Chiweenie,Small,Mixed Breed Dogs,14,3,5,3,4,2,1,4,3,4,2,3,2,2.8,1,1,5,3,4,1,3.2,2,4,2,3,5,2,3.33,4,2,4,5,United States of America,6,10,5,12,12,16,8.00000432,8.4216484,39.7837304,-100.445882
Chorkie,Small,Mixed Breed Dogs,14,3.4,5,5,5,1,1,2,3.33,4,3,3,2,2.2,2,1,3,3,2,1,2.8,3,3,2,2,4,2,3.33,4,3,3,5,United States of America,6,9,8,15,12,15,7.50000405,11.4199316,39.7837304,-100.445882
Chow Chow,Very Large,Working Dogs,14,3.4,3,2,2,5,5,2,1.33,2,1,1,1,2.2,1,3,1,2,4,4,2.2,2,1,5,2,1,2,2,2,2,2,1,China,17,20,40,70,12,15,18.50000999,54.564345,35.000074,104.999927
Chow Shepherd,Very Large,Mixed Breed Dogs,14,3.2,3,2,4,2,5,4,2.67,3,3,2,2,2.6,5,2,1,3,2,4,2.8,3,3,3,3,2,3,4.67,5,4,5,4,United States of America,22,26,45,90,12,15,24.00001296,66.9763556,39.7837304,-100.445882
Chug,Medium,Mixed Breed Dogs,12,3.2,5,3,3,3,2,3,4,5,4,3,3,3.6,4,2,4,4,4,1,2.6,3,3,3,2,2,2,3.33,4,3,3,4,United States of America,10,14,10,20,10,13,12.00000648,14.881185,39.7837304,-100.445882
Chusky,Very Large,Mixed Breed Dogs,12,3,2,2,3,3,5,2,3.67,4,4,3,3,3,5,2,2,3,3,3,3.4,3,4,3,3,4,2,3.67,4,3,4,4,United States of America,18,23,40,65,10,13,20.50001107,52.0731244,39.7837304,-100.445882
Cirneco dell’Etna,Medium,Companion Dogs,13,3.2,4,3,3,3,3,3,4.67,5,5,4,3,2.8,2,1,4,5,2,3,3,3,3,2,4,3,1,3,4,2,3,4,Italy,17,20,17,26,12,14,18.50000999,21.3407216,42.6384261,12.674297
Clumber Spaniel,Very Large,Sporting Dogs,12,4.2,5,5,4,2,5,2,4,5,3,4,3,3.6,5,5,1,2,5,3,3.6,4,3,5,5,1,4,2,3,1,2,5,England,17,20,55,85,12,12,18.50000999,69.44553,52.5310214,-1.2649062
Cockalier,Medium,Mixed Breed Dogs,14,3.2,4,4,4,2,2,2,4.67,5,5,4,3,2.8,2,1,4,4,3,2,3,4,4,2,3,2,2,3.33,4,2,4,5,United States of America,12,15,10,28,12,15,13.50000729,18.849501,39.7837304,-100.445882
Cockapoo,Medium,Hybrid Dogs,14,4,4,5,4,3,4,4,4.67,5,4,5,4,2,1,1,3,2,3,2,3,4,4,2,3,2,3,3,3,3,3,5,United States of America,10,15,6,19,12,15,12.50000675,12.3899644,39.7837304,-100.445882
Cocker Spaniel,Large,Sporting Dogs,14,3.6,5,3,5,1,4,3,4,5,3,4,3,2.6,3,1,1,4,4,2,4.2,5,4,4,5,3,4,3,4,2,3,4,United States of America,14,15,24,28,12,15,14.50000783,25.794054,39.7837304,-100.445882
Collie,Very Large,Herding Dogs,12,3.6,3,4,5,2,4,3,4.67,5,5,4,4,2.8,5,1,2,3,3,3,3.8,4,4,3,4,4,1,2.67,3,2,3,4,Scotland,22,26,50,70,10,14,24.00001296,59.52474,56.7861112,-4.1140518
Corgi Inu,Medium,Mixed Breed Dogs,14,3.4,4,3,3,3,4,2,3,3,3,3,2,3,5,2,2,3,3,2,3.4,4,4,3,3,3,2,3.67,4,3,4,4,United States of America,9,15,17,27,12,15,12.00000648,21.825738,39.7837304,-100.445882
Corgidor,Very Large,Mixed Breed Dogs,12,3,3,2,4,3,3,3,4,5,4,3,4,3.8,5,2,4,4,4,3,3.4,4,5,3,3,2,3,4,5,3,4,5,United States of America,12,23,40,55,10,15,17.50000945,47.1347756,39.7837304,-100.445882
Corman Shepherd,Very Large,Mixed Breed Dogs,12,2.8,2,2,3,3,4,3,4,4,4,4,3,3.4,5,2,3,3,4,3,3.6,4,5,3,3,3,2,3.67,4,3,4,4,United States of America,12,15,20,70,10,15,13.50000729,44.643555,39.7837304,-100.445882
Coton de Tulear,Small,Companion Dogs,14,3.6,5,4,5,1,3,3,5,5,5,5,5,2.4,1,1,2,5,3,1,2.6,3,4,3,1,2,3,2.67,3,2,3,5,Madagascar,8,12,8,13,14,16,10.0000054,10.4278526,-18.9249604,46.4416422
Croatian Sheepdog,Large,Herding Dogs,13,3,3,2,3,3,4,2,3,4,3,2,2,3.4,5,3,2,4,3,3,3.6,3,4,4,3,4,3,4,4,4,4,4,Croatia,16,21,29,45,12,14,18.50000999,36.706923,45.3658443,15.6575209
Curly-Coated Retriever,Very Large,Sporting Dogs,10,2.8,1,3,3,3,4,4,4.67,5,5,4,3,2.6,3,2,3,2,3,3,4.4,4,5,5,5,3,4,4,5,3,4,5,England,23,27,65,100,9,12,25.0000135,81.8354944,52.5310214,-1.2649062
Dachsador,Large,Mixed Breed Dogs,13,2.8,4,2,3,2,3,3,3.67,4,4,3,4,3,2,1,4,4,4,2,3,3,4,2,4,2,4,3.67,4,3,4,4,United States of America,15,25,30,40,12,14,20.0000108,34.722765,39.7837304,-100.445882
Dachshund,Medium,Hound Dogs,14,3.4,5,4,4,3,1,3,4,4,5,3,1,2.8,3,1,3,2,5,1,4,2,4,4,5,5,5,3,3,3,3,4,Germany,8,9,16,32,12,15,8.50000459,23.809896,51.1638175,10.4478313
Dalmatian,Very Large,Companion Dogs,14,3,2,3,4,3,3,4,4.33,5,4,4,3,3.8,5,1,5,4,4,3,2.8,4,4,2,2,2,4,4.67,5,4,5,4,Croatia,19,24,48,55,13,16,21.50001161,51.1030916,45.3658443,15.6575209
Dandie Dinmont Terrier,Medium,Terrier Dogs,14,3.2,4,4,3,2,3,3,4,5,4,3,3,2.6,3,1,2,3,4,1,2.8,2,3,3,4,2,3,2.67,3,3,2,4,Scotland,8,11,18,24,12,15,9.50000513,20.833659,56.7861112,-4.1140518
Daniff,Very Large,Mixed Breed Dogs,10,2.4,2,2,3,1,4,3,4.33,5,4,4,3,2.6,2,4,1,3,3,5,2.6,4,4,2,2,1,2,3.67,3,4,4,4,United States of America,27,33,115,190,8,12,30.0000162,151.2810244,39.7837304,-100.445882
Danish-Swedish Farmdog,Medium,Working Dogs,12,3.2,3,2,3,4,4,4,5,5,5,5,3,3.6,5,1,4,5,3,2,4,5,4,2,5,4,1,4,4,3,5,4,Denmark,12,15,15,20,11,13,13.50000729,17.3724056,55.670249,10.3333283
Deutscher Wachtelhund,Very Large,Sporting Dogs,13,2.8,3,3,2,2,4,3,4.33,5,4,4,3,3,3,2,3,5,2,4,3.6,4,4,3,4,3,2,3.67,4,3,4,4,Germany,18,21,40,55,12,14,19.50001053,47.1347756,51.1638175,10.4478313
Doberdor,Very Large,Mixed Breed Dogs,12,1.8,1,1,3,2,2,4,3,3,3,3,1,3,1,2,4,4,4,5,3.2,1,4,3,4,4,4,4.67,5,4,5,4,United States of America,24,28,60,100,10,14,26.00001404,79.36632,39.7837304,-100.445882
Doberman Pinscher,Very Large,Working Dogs,12,2.8,3,3,5,2,1,4,3,5,3,1,3,3.4,4,4,5,1,3,4,2.8,5,5,2,1,1,2,3,3,3,3,5,Germany,24,28,60,80,10,13,26.00001404,69.44553,51.1638175,10.4478313
Docker,Large,Mixed Breed Dogs,13,2.8,3,2,4,2,3,3,3.67,5,3,3,2,2.8,3,2,3,3,3,2,4.2,3,4,5,5,4,5,3,3,3,3,4,United States of America,9,15,20,30,12,14,12.00000648,24.801975,39.7837304,-100.445882
Dogo Argentino,Very Large,Sporting Dogs,12,1.8,1,1,3,2,2,4,2.67,4,2,2,2,2.6,1,3,4,3,2,4,2.8,2,3,2,5,2,4,4,4,4,4,3,Argentina,23,27,80,100,9,15,25.0000135,89.28711,-34.9964963,-64.9672817
Dogue de Bordeaux,Very Large,Working Dogs,10,3,5,1,4,2,3,2,3.67,5,5,1,1,3.8,3,5,5,2,4,4,3,2,3,4,4,2,1,3,2,2,5,3,France,23,27,99,150,8,12,25.0000135,99.2079,46.603354,1.8883335
Dorgi,Medium,Mixed Breed Dogs,14,3.2,4,4,3,1,4,3,4,4,4,4,3,3.2,2,2,4,4,4,2,3.4,3,4,4,3,3,3,4,4,4,4,5,England,9,12,15,28,12,15,10.50000567,21.3407216,52.5310214,-1.2649062
Dorkie,Small,Mixed Breed Dogs,14,3.4,5,4,4,2,2,2,4,4,4,4,4,2,3,1,2,2,2,1,2.8,3,4,2,3,2,2,2,2,2,2,3,United States of America,5,10,5,12,13,16,7.50000405,8.4216484,39.7837304,-100.445882
Doxiepoo,Medium,Mixed Breed Dogs,12,3.4,5,3,4,2,3,3,2.67,5,2,1,3,3,3,NA,3,2,4,2,4,3,5,3,4,5,4,4,4,4,4,5,United States of America,8,23,5,30,10,15,15.50000837,17.3724056,39.7837304,-100.445882
Doxle,Medium,Mixed Breed Dogs,13,2.6,2,4,4,1,2,4,4.67,5,4,5,4,3.6,5,1,4,4,4,2,4,3,4,3,5,5,5,4.67,5,4,5,5,United States of America,5,15,11,30,12,14,10.0000054,20.3265964,39.7837304,-100.445882
Drentsche Patrijshond,Very Large,Working Dogs,12,3.2,3,2,4,3,4,3,4.33,5,4,4,3,3.2,4,3,3,4,2,3,3,2,4,3,4,2,1,4,5,3,4,4,Netherlands,21,25,40,60,11,14,23.00001242,49.60395,52.2434979,5.6343227
Drever,Large,Hound Dogs,14,2.6,4,3,2,2,2,3,4.67,5,5,4,3,3.2,3,2,3,5,3,3,3.6,3,4,4,3,4,2,4,5,3,4,4,Sweden,12,16,35,40,12,15,14.00000756,37.2139856,59.6749712,14.5208584
Dutch Shepherd,Very Large,Herding Dogs,14,3,3,3,3,2,4,4,4,4,4,4,2,3,4,2,3,4,2,3,3.2,5,4,2,3,2,2,3.67,4,3,4,4,Netherlands,21,25,50,70,12,15,23.00001242,59.52474,52.2434979,5.6343227
English Cocker Spaniel,Large,Sporting Dogs,13,3.8,5,4,5,1,4,3,5,5,5,5,5,3.2,3,1,3,4,5,2,4.2,4,5,3,5,4,4,4,5,3,4,5,England,15,17,26,34,12,14,16.00000864,29.76237,52.5310214,-1.2649062
English Foxhound,Very Large,Hound Dogs,12,2.6,1,2,3,4,3,3,4.33,4,4,5,3,3,3,1,5,4,2,3,3.8,3,3,4,5,4,5,4.67,5,4,5,5,England,25,27,55,75,10,13,26.00001404,64.485135,52.5310214,-1.2649062
English Setter,Very Large,Sporting Dogs,13,2.6,1,3,4,1,4,3,5,5,5,5,5,3.2,3,2,3,3,5,3,4.2,3,5,4,5,4,5,3.67,4,2,5,5,England,23,27,45,80,11,15,25.0000135,61.9939144,52.5310214,-1.2649062
English Springer Spaniel,Very Large,Sporting Dogs,12,2.4,1,3,4,1,3,4,5,5,5,5,4,2.4,3,1,2,3,3,3,4.2,5,5,3,5,3,4,4.33,5,3,5,5,England,18,22,45,55,9,15,20.0000108,49.60395,52.5310214,-1.2649062
English Toy Spaniel,Small,Companion Dogs,11,3,4,4,4,1,2,2,3.33,5,1,4,4,3.2,5,2,4,2,3,2,3.4,3,3,4,4,3,2,2.67,3,3,2,4,England,10,11,8,14,10,12,10.50000567,10.912869,52.5310214,-1.2649062
Entlebucher Mountain Dog,Very Large,Herding Dogs,12,2.8,1,2,4,3,4,2,4.33,5,5,3,2,3,3,1,5,3,3,3,4,3,4,4,4,5,3,4.67,5,4,5,5,Switzerland,16,20,45,65,10,13,18.00000972,54.564345,46.7985624,8.2319736
Estrela Mountain Dog,Very Large,Herding Dogs,13,2.6,1,3,2,3,4,3,4.33,5,5,3,2,3.2,4,3,2,4,3,4,3,4,5,2,1,3,1,3,3,3,3,3,Portugal,24,30,75,130,11,15,27.00001458,101.6770744,39.6621648,-8.1353519
Eurasier,Very Large,Companion Dogs,13,2.8,4,3,2,1,4,3,4,3,5,4,2,3.2,4,3,3,4,2,4,2.6,4,4,2,1,2,1,2.67,3,2,3,3,Germany,20,24,40,71,12,14,22.00001188,55.0714076,51.1638175,10.4478313
Field Spaniel,Large,Sporting Dogs,11,2.4,1,3,4,1,3,4,4.67,5,5,4,4,3,3,1,4,3,4,2,3.8,5,5,3,4,2,5,4.33,5,3,5,5,England,16,19,37,45,10,12,17.50000945,40.675239,52.5310214,-1.2649062
Fila Brasileiro,Very Large,Working Dogs,10,2,1,1,3,3,2,3,2.67,3,3,2,1,3.2,2,3,4,3,4,5,3.4,2,4,3,5,3,3,4,4,4,4,2,Brazil,24,30,90,180,9,12,27.00001458,133.930665,-10.3333333,-53.2
Finnish Lapphund,Large,Herding Dogs,14,3.8,4,4,4,2,5,2,5,5,5,5,4,3.2,3,1,4,4,4,3,4.2,5,5,4,4,3,4,4.67,5,5,4,5,Finland,17,20,33,53,12,15,18.50000999,42.659397,63.2467777,25.9209164
Finnish Spitz,Large,Sporting Dogs,14,3,3,3,3,1,5,3,5,5,5,5,3,2.8,4,1,2,4,3,3,3.6,3,4,3,3,5,4,4.67,5,4,5,5,Finland,15,20,20,35,12,15,17.50000945,27.2931956,63.2467777,25.9209164
Flat-Coated Retriever,Very Large,Sporting Dogs,11,2.6,1,2,5,1,4,4,5,5,5,5,5,3.4,3,2,4,4,4,3,3.8,4,5,3,3,4,4,4.67,5,4,5,5,England,22,24,55,70,10,12,23.00001242,61.9939144,52.5310214,-1.2649062
Fox Terrier,Medium,Terrier Dogs,12,3,3,3,3,3,3,4,3.67,4,4,3,3,2.2,2,1,2,4,2,2,4.2,5,5,3,5,3,3,5,5,5,5,5,England,14,15,15,19,10,15,15.0000081,16.865343,52.5310214,-1.2649062
French Bulldog,Medium,Companion Dogs,12,3.2,5,5,3,1,2,1,4.33,5,4,4,4,3,3,1,5,2,4,2,3,4,3,3,2,3,2,3,3,4,2,5,France,11,12,16,28,11,14,11.50000621,21.825738,46.603354,1.8883335
French Bullhuahua,Medium,Mixed Breed Dogs,12,2.8,4,3,3,2,2,4,3,4,3,2,3,3.6,3,2,4,4,5,1,3.4,3,3,4,3,4,2,3,3,3,3,4,United States of America,6,12,10,30,10,15,9.00000486,19.84158,39.7837304,-100.445882
French Spaniel,Very Large,Sporting Dogs,11,3.4,2,4,4,3,4,2,4.33,5,4,4,4,2.8,3,2,3,4,2,3,3,4,4,2,3,2,2,4,5,3,4,4,France,21,24,45,60,10,12,22.50001215,52.0731244,46.603354,1.8883335
Frenchton,Medium,Mixed Breed Dogs,14,3.6,5,5,3,2,3,3,5,5,5,5,5,3.6,4,3,5,4,2,2,3,4,4,2,2,3,3,3,3,3,3,5,United States of America,11,14,15,25,12,15,12.50000675,19.84158,39.7837304,-100.445882
Frengle,Medium,Mixed Breed Dogs,12,3.4,4,4,4,3,2,2,4.67,5,5,4,4,3.4,3,1,5,4,4,3,3,3,4,3,3,2,3,3.67,4,3,4,5,United States of America,8,15,18,30,10,15,11.50000621,23.809896,39.7837304,-100.445882
German Longhaired Pointer,Very Large,Sporting Dogs,12,2.6,2,2,3,3,3,2,4.33,5,4,4,4,3.6,2,3,5,4,4,4,3.2,4,4,2,3,3,4,4.33,5,3,5,3,Germany,23,28,60,71,11,14,25.50001377,64.9921976,51.1638175,10.4478313
German Pinscher,Large,Working Dogs,13,3.2,3,3,4,3,3,4,3.33,5,3,2,2,3.2,3,1,5,4,3,3,4,4,5,3,5,3,4,4.33,5,3,5,5,Germany,17,20,25,45,12,14,18.50000999,34.722765,51.1638175,10.4478313
German Shepherd Dog,Very Large,Herding Dogs,12,3.2,3,2,5,2,4,3,4,5,5,2,4,3.4,5,1,5,4,2,4,4.6,5,5,5,4,4,2,5,5,5,5,5,Germany,22,26,75,95,10,14,24.00001296,84.326715,51.1638175,10.4478313
German Shepherd Pit Bull,Very Large,Mixed Breed Dogs,11,2,1,1,4,1,3,3,4.67,5,5,4,4,3.8,5,1,5,4,4,4,4.6,5,5,5,4,4,3,5,5,5,5,5,United States of America,17,26,30,90,10,12,21.50001161,59.52474,39.7837304,-100.445882
German Shepherd Rottweiler Mix,Very Large,Mixed Breed Dogs,11,3.4,3,4,3,3,4,2,3.67,4,4,3,3,3.6,5,3,3,3,4,4,3.2,3,4,3,3,3,2,3.67,4,3,4,4,United States of America,22,28,75,115,9,13,25.0000135,94.247505,39.7837304,-100.445882
German Sheprador,Very Large,Mixed Breed Dogs,11,2.8,2,1,5,2,4,4,4.67,5,5,4,4,3.6,5,2,5,3,3,4,4,5,5,5,3,2,2,5,5,5,5,5,United States of America,20,27,60,95,10,12,23.50001269,76.8971456,39.7837304,-100.445882
German Shorthaired Pointer,Very Large,Sporting Dogs,14,2,1,2,4,1,2,4,4.67,5,5,4,3,3,2,2,5,3,3,3,4.4,5,5,4,5,3,5,4.33,5,3,5,5,Germany,21,25,45,70,12,15,23.00001242,57.0555656,51.1638175,10.4478313
German Spitz,Large,Companion Dogs,14,3,4,2,3,3,3,2,4,5,4,3,3,3,4,1,2,4,4,1,3.8,2,4,4,5,4,2,4,5,3,4,4,Germany,12,15,21,29,13,15,13.50000729,24.801975,51.1638175,10.4478313
German Wirehaired Pointer,Very Large,Sporting Dogs,13,2.8,2,3,4,2,3,4,3.67,5,3,3,2,3,2,2,4,4,3,4,4,4,5,4,4,3,5,4.67,5,4,5,5,Germany,22,26,60,70,12,14,24.00001296,64.485135,51.1638175,10.4478313
Giant Schnauzer,Very Large,Working Dogs,11,2.4,1,1,4,2,4,2,3.67,5,3,3,2,2.8,4,1,2,4,3,4,4,5,4,3,4,4,4,4,5,2,5,5,Germany,23,27,55,80,10,12,25.0000135,66.9763556,51.1638175,10.4478313
Glen of Imaal Terrier,Large,Terrier Dogs,14,3,4,2,3,3,3,4,4,5,5,2,3,3,1,1,5,5,3,1,4,4,4,3,5,4,3,4.33,4,5,4,4,Ireland,12,14,32,40,12,15,13.00000702,34.722765,52.865196,-7.9794599
Goberian,Very Large,Mixed Breed Dogs,12,2.6,1,2,3,2,5,2,4,4,4,4,2,3.2,2,1,5,4,4,4,3.2,2,5,3,4,2,4,4.67,5,4,5,4,United States of America,20,24,45,90,10,15,22.00001188,66.9763556,39.7837304,-100.445882
Goldador,Very Large,Hybrid Dogs,12,3.6,2,4,3,4,5,4,5,5,5,5,5,3.2,3,2,4,4,3,4,2.6,4,5,2,1,1,4,5,5,5,5,5,United States of America,22,24,60,80,10,15,23.00001242,69.44553,39.7837304,-100.445882
Golden Cocker Retriever,Large,Mixed Breed Dogs,14,2.4,1,4,4,1,2,4,4.33,5,4,4,3,3.4,4,1,4,4,4,3,3,4,4,2,2,3,4,3.67,5,2,4,5,United States of America,20,24,30,45,12,15,22.00001188,37.2139856,39.7837304,-100.445882
Golden Mountain Dog,Very Large,Mixed Breed Dogs,12,2.4,1,2,2,2,5,1,4.67,5,5,4,3,3.4,4,4,2,3,4,5,3,4,4,2,2,3,4,3.67,4,2,5,5,United States of America,24,28,75,120,9,15,26.00001404,96.7387256,39.7837304,-100.445882
Golden Retriever,Very Large,Sporting Dogs,11,2.8,2,3,5,1,3,3,5,5,5,5,5,3.6,5,4,2,2,5,3,4.2,5,5,5,3,3,2,4,5,2,5,5,Scotland,21,24,55,75,10,12,22.50001215,64.485135,56.7861112,-4.1140518
Golden Retriever Corgi,Very Large,Mixed Breed Dogs,12,3.2,3,4,3,3,3,3,4.67,5,5,4,4,3.4,4,3,3,3,4,3,3.2,4,4,3,2,3,2,3.33,4,3,3,5,United States of America,10,18,30,75,10,13,14.00000756,52.0731244,39.7837304,-100.445882
Golden Shepherd,Very Large,Mixed Breed Dogs,12,3,2,2,5,1,5,4,4.33,5,5,3,5,3,5,2,2,3,3,5,4.2,5,5,5,3,3,2,4.33,5,3,5,5,United States of America,20,26,55,85,10,14,23.00001242,69.44553,39.7837304,-100.445882
Goldendoodle,Very Large,Hybrid Dogs,12,3,1,4,4,3,3,3,5,5,5,5,4,2.6,2,1,4,3,3,4,2.8,4,5,1,1,3,3,4,4,3,5,5,United States of America,20,24,50,90,10,15,22.00001188,69.44553,39.7837304,-100.445882
Gollie,Very Large,Mixed Breed Dogs,14,2.6,1,4,3,2,3,3,4.67,5,5,4,4,3.2,4,2,3,3,4,3,2.8,4,4,2,2,2,4,4,5,3,4,5,United States of America,22,26,50,75,12,15,24.00001296,61.9939144,39.7837304,-100.445882
Gordon Setter,Very Large,Sporting Dogs,11,2.8,2,3,4,1,4,3,3.33,5,3,2,3,3.4,5,3,2,4,3,3,4.4,5,5,3,4,5,4,4,5,2,5,5,Scotland,23,27,45,80,10,12,25.0000135,61.9939144,56.7861112,-4.1140518
Great Dane,Very Large,Working Dogs,8,2,1,1,5,1,2,3,5,5,5,5,5,4,5,4,5,4,2,5,3.4,5,3,2,3,4,3,5,5,5,5,5,Germany,26,34,100,200,7,10,30.0000162,148.81185,51.1638175,10.4478313
Great Pyrenees,Very Large,Working Dogs,11,2.8,1,1,4,3,5,3,4.33,5,4,4,3,3.4,5,2,4,2,4,5,3.4,1,4,2,5,5,5,5,5,5,5,4,France,25,32,85,160,10,12,28.50001539,121.5186544,46.603354,1.8883335
Greater Swiss Mountain Dog,Very Large,Working Dogs,8,3,1,2,4,3,5,1,5,5,5,5,3,3,3,1,5,2,4,5,3.4,3,3,3,4,4,3,4,5,4,3,5,Switzerland,23,28,85,140,7,9,25.50001377,111.5978644,46.7985624,8.2319736
Greyador,Very Large,Mixed Breed Dogs,12,2.4,3,2,5,1,1,3,5,5,5,5,5,4.6,5,4,5,4,5,4,4.2,3,5,5,4,4,4,4,4,4,4,4,United States of America,21,27,50,80,11,13,24.00001296,64.485135,39.7837304,-100.445882
Greyhound,Very Large,Hound Dogs,14,2.6,4,2,5,1,1,5,4.67,5,5,4,5,4.6,4,5,5,4,5,4,4.2,5,5,4,5,2,5,4.33,5,3,5,4,Egypt,25,30,50,85,12,15,27.50001485,66.9763556,26.2540493,29.2675469
Hamiltonstovare,Very Large,Hound Dogs,16,3,3,2,4,3,3,3,4,5,4,3,3,2.6,1,1,4,4,3,3,3.4,3,4,2,5,3,2,4,5,3,4,4,Sweden,19,24,40,75,14,17,21.50001161,57.0555656,59.6749712,14.5208584
Hanoverian Scenthound,Very Large,Working Dogs,13,2.6,2,1,4,3,3,3,4.67,5,5,4,3,2.8,2,1,4,4,3,4,3,2,4,2,4,3,2,3.67,4,3,4,4,Germany,19,22,80,100,12,14,20.50001107,89.28711,51.1638175,10.4478313
Harrier,Very Large,Hound Dogs,11,2.4,1,3,2,3,3,4,4.67,4,5,5,5,3.4,3,1,5,5,3,3,3.4,2,4,3,4,4,5,4.67,5,4,5,5,England,19,21,45,60,10,12,20.0000108,52.0731244,52.5310214,-1.2649062
Havanese,Small,Companion Dogs,14,3.6,5,5,4,1,3,4,4.67,5,4,5,5,2.2,2,1,1,3,4,2,3.6,5,4,3,4,2,2,2.67,3,2,3,5,Cuba,8,11,7,13,12,15,9.50000513,9.92079,23.0131338,-80.8328748
Havapoo,Medium,Mixed Breed Dogs,12,3.6,5,5,4,1,3,4,4.33,5,4,4,4,2,1,1,1,3,4,2,3.6,5,5,3,3,2,3,2.67,3,2,3,5,United States of America,8,15,7,30,10,14,11.50000621,18.3644846,39.7837304,-100.445882
Hokkaido,Very Large,Working Dogs,12,3,3,2,2,3,5,2,3.67,4,4,3,3,3,4,2,1,5,3,3,3.4,3,4,3,4,3,3,2.67,3,2,3,3,Japan,18,22,45,65,11,13,20.0000108,54.564345,36.5748441,139.2394179
Horgi,Large,Mixed Breed Dogs,14,2.8,2,2,4,2,4,3,4.67,5,5,4,5,3,4,2,3,3,3,2,3.8,4,4,4,4,3,3,3.67,4,3,4,4,United States of America,12,15,20,50,12,15,13.50000729,34.722765,39.7837304,-100.445882
Hovawart,Very Large,Working Dogs,12,2.4,1,2,3,2,4,3,3.33,4,4,2,2,3,3,1,4,4,3,4,2.4,2,4,2,2,2,2,4,4,4,4,4,Germany,23,29,55,110,10,14,26.00001404,81.8354944,51.1638175,10.4478313
Huskita,Very Large,Mixed Breed Dogs,12,2.6,2,1,4,1,5,3,3,5,2,2,3,3,4,3,1,4,3,4,3.4,2,3,3,4,5,5,4.33,4,4,5,5,United States of America,22,25,50,75,10,13,23.50001269,61.9939144,39.7837304,-100.445882
Huskydoodle,Very Large,Mixed Breed Dogs,12,2.6,2,2,3,2,4,3,4,4,4,4,3,3.2,3,2,3,4,4,3,3.4,3,5,3,4,2,2,4.67,5,4,5,4,United States of America,12,25,40,60,10,14,18.50000999,49.60395,39.7837304,-100.445882
Ibizan Hound,Very Large,Hound Dogs,12,3,5,3,4,2,1,4,5,5,5,5,4,2.8,3,1,5,4,1,3,3.4,3,4,3,5,2,5,4.33,5,3,5,5,Spain,22,27,45,50,10,14,24.50001323,47.1347756,39.3260685,-4.8379791
Icelandic Sheepdog,Large,Herding Dogs,14,2.4,1,1,3,2,5,3,3.33,4,4,2,2,2.6,5,1,1,3,3,3,3,3,4,3,4,1,4,4.33,4,5,4,4,Iceland,16,18,20,30,14,15,17.00000918,24.801975,64.9841821,-18.1059013
Irish Red And White Setter,Very Large,Sporting Dogs,12,2.6,1,3,4,1,4,3,4.33,5,4,4,4,2.2,3,1,3,2,2,3,3.6,4,4,4,3,3,4,5,5,5,5,5,Ireland,22,26,50,70,10,14,24.00001296,59.52474,52.865196,-7.9794599
Irish Setter,Very Large,Sporting Dogs,13,2.8,1,3,4,2,4,3,5,5,5,5,5,2.8,4,2,3,2,3,4,4.6,4,5,5,5,4,5,4.33,5,3,5,5,Ireland,25,27,60,70,11,15,26.00001404,64.485135,52.865196,-7.9794599
Irish Terrier,Large,Terrier Dogs,14,2.8,3,2,3,2,4,4,3.67,5,5,1,3,3,4,1,2,5,3,3,2.4,1,4,1,2,4,3,4.33,5,4,4,5,Ireland,18,20,25,27,12,16,19.00001026,25.794054,52.865196,-7.9794599
Irish Water Spaniel,Very Large,Sporting Dogs,11,3.2,3,2,4,3,4,4,4.67,5,5,4,5,2.2,1,2,3,2,3,3,4.2,5,4,3,5,4,3,4.33,5,3,5,4,Ireland,21,24,45,65,10,12,22.50001215,54.564345,52.865196,-7.9794599
Irish Wolfhound,Very Large,Hound Dogs,7,2.4,1,2,3,2,4,2,5,5,5,5,5,2.2,3,1,3,1,3,5,3.2,3,4,3,5,1,3,2.67,2,2,4,4,Ireland,32,35,115,180,6,8,33.50001809,146.3426756,52.865196,-7.9794599
Italian Greyhound,Small,Companion Dogs,14,3.4,5,5,5,1,1,3,4.67,5,5,4,4,2.6,2,1,5,3,2,2,3.6,3,3,4,5,3,3,3.33,4,2,4,4,Italy,13,15,6,15,14,15,14.00000756,10.4278526,42.6384261,12.674297
Jack-A-Poo,Medium,Mixed Breed Dogs,14,3.6,4,4,4,2,4,4,5,5,5,5,4,2.4,2,1,2,3,4,2,4,4,5,4,4,3,4,4.67,5,4,5,5,United States of America,10,16,13,25,12,15,13.00000702,18.849501,39.7837304,-100.445882
Jack Chi,Medium,Mixed Breed Dogs,16,2.8,4,2,3,3,2,4,4.33,4,5,4,3,3.4,2,2,5,4,4,2,2.8,2,4,2,4,2,4,4,4,4,4,5,United States of America,12,15,8,18,13,18,13.50000729,12.897027,39.7837304,-100.445882
Jack Russell Terrier,Medium,Terrier Dogs,12,3,3,2,3,3,4,3,4.67,5,4,5,4,3,3,1,3,4,4,2,4.4,4,5,4,5,4,4,5,5,5,5,5,England,10,15,13,17,10,15,12.50000675,14.881185,52.5310214,-1.2649062
Jackshund,Medium,Mixed Breed Dogs,14,3,4,2,3,3,3,3,4.33,5,4,4,3,3,3,1,3,3,5,2,4.4,3,5,4,5,5,5,4,4,4,4,5,United States of America,8,23,15,28,12,15,15.50000837,21.3407216,39.7837304,-100.445882
Japanese Chin,Small,Companion Dogs,12,3.2,5,4,3,1,3,2,3,3,3,3,4,2.6,3,1,3,3,3,1,3.2,3,3,4,3,3,1,1.67,2,1,2,4,Japan,8,11,4,9,10,14,9.50000513,6.4374904,36.5748441,139.2394179
Japanese Spitz,Medium,Companion Dogs,13,3.4,4,4,3,2,4,3,4.33,4,5,4,2,2.6,3,1,4,3,2,2,3.2,4,4,2,2,4,2,2.67,3,2,3,4,Japan,10,16,11,20,10,16,13.00000702,15.3882476,36.5748441,139.2394179
Korean Jindo Dog,Very Large,Sporting Dogs,14,3,3,2,3,2,5,2,3.67,5,3,3,4,2.6,5,1,1,4,2,3,3.5,2,5,2,5,NA,5,4.33,4,4,5,4,Korea,19,21,35,60,12,15,20.0000108,47.1347756,36.638392,127.6961188
Kai Ken,Large,Companion Dogs,14,2.6,2,2,2,3,4,3,3.67,4,4,3,2,3,4,2,2,4,3,3,3.4,3,5,2,5,2,3,4.67,5,4,5,3,Japan,17,22,25,45,12,16,19.50001053,34.722765,36.5748441,139.2394179
Karelian Bear Dog,Very Large,Working Dogs,12,2.8,2,1,4,2,5,3,2.67,4,3,1,2,2.8,3,1,4,4,2,3,3.8,2,4,4,5,4,5,4.33,4,5,4,4,Finland,19,24,44,50,10,13,21.50001161,46.627713,63.2467777,25.9209164
Keeshond,Large,Companion Dogs,14,3.8,4,4,5,1,5,3,4.67,5,5,4,4,3.2,5,1,3,3,4,3,3.6,4,4,3,3,4,2,3.33,4,3,3,5,Netherlands,16,19,35,45,12,15,17.50000945,39.68316,52.2434979,5.6343227
Kerry Blue Terrier,Large,Terrier Dogs,14,3,3,2,3,3,4,3,3.33,4,4,2,5,2,1,1,2,3,3,3,3.8,4,4,4,3,4,3,4.33,4,4,5,4,Ireland,17,19,33,40,12,15,18.00000972,36.1998604,52.865196,-7.9794599
King Shepherd,Very Large,Hybrid Dogs,10,3.4,4,2,4,2,5,4,4.33,4,4,5,4,3.8,4,4,4,3,4,5,3.2,4,5,3,2,2,3,3.33,3,3,4,4,United States of America,25,31,75,150,10,11,28.00001512,111.5978644,39.7837304,-100.445882
Kishu Ken,Very Large,Working Dogs,11,3.2,3,2,3,3,5,3,2.67,3,3,2,2,3.2,4,2,3,4,3,3,3.2,4,5,2,4,1,2,3.33,3,3,4,2,Japan,17,22,30,60,9,13,19.50001053,44.643555,36.5748441,139.2394179
Komondor,Very Large,Working Dogs,11,2.4,2,1,4,1,4,3,3,5,3,1,1,2.4,3,2,2,2,3,4,3.6,4,4,3,2,5,4,2.33,2,1,4,4,Hungary,25,27,80,100,10,12,26.00001404,89.28711,47.1817585,19.5060937
Kooikerhondje,Medium,Sporting Dogs,13,3.4,4,3,4,2,4,3,2.33,3,2,2,2,2.8,3,1,2,5,3,3,2.8,1,4,3,3,3,3,4.67,4,5,5,4,Netherlands,14,16,20,25,12,14,15.0000081,22.3107544,52.2434979,5.6343227
Kuvasz,Very Large,Working Dogs,11,2.6,1,1,5,1,5,2,2.67,5,1,2,1,3.8,4,3,4,4,4,5,2.2,2,4,1,1,3,3,4.33,4,4,5,4,Hungary,26,30,70,115,10,12,28.00001512,91.7562844,47.1817585,19.5060937
Kyi-Leo,Small,Mixed Breed Dogs,14,4.2,5,4,3,4,5,2,4.67,5,5,4,3,2.2,2,1,2,3,3,2,3,3,3,4,1,4,2,3,4,3,2,4,United States of America,8,12,8,14,13,15,10.0000054,10.912869,39.7837304,-100.445882
Lab Pointer,Very Large,Mixed Breed Dogs,12,2.6,1,4,3,1,4,4,4,5,4,3,4,3.2,2,2,4,4,4,4,3.4,5,4,2,4,2,4,4.33,5,3,5,4,United States of America,22,28,35,80,10,15,25.0000135,57.0555656,39.7837304,-100.445882
Labernese,Very Large,Mixed Breed Dogs,9,3,2,4,4,1,4,2,4.33,4,5,4,3,3.2,4,3,3,2,4,4,3,3,4,3,3,2,4,3.33,4,2,4,5,United States of America,24,28,65,110,6,12,26.00001404,86.8179356,39.7837304,-100.445882
Labmaraner,Very Large,Mixed Breed Dogs,11,2.6,1,4,4,1,3,3,4.33,4,5,4,3,3,1,2,4,4,4,4,3.4,4,4,3,3,3,4,4,4,3,5,5,United States of America,21,24,60,100,10,12,22.50001215,79.36632,39.7837304,-100.445882
Labrabull,Very Large,Mixed Breed Dogs,12,2.4,2,2,4,1,3,3,4,5,5,2,5,3.6,5,2,5,3,3,4,4.2,5,5,5,3,3,4,4.67,5,5,4,5,United States of America,20,24,45,90,10,14,22.00001188,66.9763556,39.7837304,-100.445882
Labradane,Very Large,Mixed Breed Dogs,10,2.4,1,2,3,2,4,4,4.67,5,5,4,3,3.4,2,3,4,4,4,5,2.6,3,4,2,3,1,3,3.33,4,2,4,5,United States of America,24,30,100,180,8,12,27.00001458,138.89106,39.7837304,-100.445882
Labradoodle,Very Large,Hybrid Dogs,13,3.8,3,4,3,4,5,4,4.67,5,4,5,5,3,3,1,4,4,3,4,2.6,4,4,1,2,2,3,4.67,5,4,5,5,Australia,21,24,50,65,12,14,22.50001215,57.0555656,-24.7761086,134.755
Labrador Retriever,Very Large,Sporting Dogs,11,2.8,1,3,5,2,3,3,5,5,5,5,5,4.2,5,3,5,3,5,4,4.2,5,5,5,2,4,3,5,5,5,5,5,Canada,21,24,55,80,10,12,22.50001215,66.9763556,61.0666922,-107.991707
Labrastaff,Very Large,Mixed Breed Dogs,12,2.4,2,2,4,1,3,3,3.67,4,4,3,4,3.6,4,3,3,4,4,4,3,2,4,3,3,3,4,3.67,4,3,4,4,United States of America,17,24,40,80,10,14,20.50001107,59.52474,39.7837304,-100.445882
Labsky,Very Large,Mixed Breed Dogs,11,2.6,2,2,2,2,5,1,4,5,4,3,3,3,4,2,2,3,4,4,4,4,5,3,4,4,4,4.67,5,4,5,5,United States of America,20,28,40,60,10,12,24.00001296,49.60395,39.7837304,-100.445882
Lagotto Romagnolo,Large,Sporting Dogs,16,3.2,2,4,3,3,4,3,3,3,3,3,3,2.2,1,2,1,4,3,2,3.4,4,4,2,4,3,3,3.33,4,2,4,4,Italy,14,19,24,35,14,17,16.50000891,29.2773536,42.6384261,12.674297
Lakeland Terrier,Medium,Terrier Dogs,14,3.2,4,3,3,2,4,4,4,5,4,3,3,2.6,2,1,2,5,3,2,3,2,4,1,4,4,3,4.33,5,4,4,4,England,13,14,15,17,12,15,13.50000729,15.873264,52.5310214,-1.2649062
Lancashire Heeler,Medium,Herding Dogs,12,2.6,2,2,3,3,3,3,3.33,4,3,3,2,3.2,3,1,4,4,4,1,2.6,3,4,2,2,2,4,3.67,4,4,3,4,England,10,12,13,15,9,14,11.00000594,13.889106,52.5310214,-1.2649062
Leonberger,Very Large,Working Dogs,11,2.6,1,1,4,2,5,1,4,5,4,3,2,3.4,5,3,4,1,4,5,3.2,2,3,4,4,3,2,4,4,4,4,4,Germany,25,31,120,170,10,12,28.00001512,143.851455,51.1638175,10.4478313
Lhasa Apso,Medium,Companion Dogs,14,4.4,5,5,5,4,3,2,3.67,4,4,3,2,2.2,3,1,1,3,3,1,3.6,3,4,3,4,4,2,3.33,4,3,3,5,Tibet,9,11,12,15,12,15,10.0000054,13.4040896,31.6692025,87.473225
Lhasapoo,Medium,Mixed Breed Dogs,12,3,4,2,4,2,3,3,3.33,4,3,3,1,2.4,1,1,3,4,3,3,3.2,3,5,2,2,4,2,3.67,4,4,3,4,United States of America,9,13,10,15,10,15,11.00000594,12.3899644,39.7837304,-100.445882
Lowchen,Medium,Companion Dogs,14,3.2,5,4,3,1,3,3,4.67,5,5,4,4,3,3,1,3,5,3,1,4,5,4,3,4,4,5,3.67,4,3,4,5,Germany,12,14,9,18,13,15,13.00000702,13.4040896,51.1638175,10.4478313
Maltese,Small,Companion Dogs,14,3.2,5,5,4,1,1,3,4,5,3,4,2,2.2,2,1,2,3,3,1,3.8,4,4,3,4,4,1,2.67,3,3,2,4,Malta,8,10,7,9,12,15,9.00000486,6.944553,35.8885993,14.4476911
Maltese Shih Tzu,Small,Hybrid Dogs,13,3.6,5,5,3,3,2,2,3.33,4,3,3,3,1.8,1,1,2,2,3,1,4,4,3,4,5,4,1,2.67,3,2,3,3,United States of America,8,12,6,12,12,14,10.0000054,8.928711,39.7837304,-100.445882
Maltipoo,Medium,Hybrid Dogs,12,3.6,5,5,5,1,2,3,4.33,5,4,4,4,1.8,1,1,3,2,2,2,3.8,5,4,3,2,5,4,2.67,3,3,2,4,United States of America,8,14,5,20,10,13,11.00000594,12.3899644,39.7837304,-100.445882
Manchester Terrier,Medium,Terrier Dogs,15,3,5,3,3,3,1,3,3.33,4,3,3,3,3,3,1,5,2,4,2,3.2,2,4,2,4,4,4,4,4,4,4,4,England,15,16,12,22,14,16,15.50000837,16.865343,52.5310214,-1.2649062
Maremma Sheepdog,Very Large,Working Dogs,12,2.4,1,1,4,2,4,2,4,4,4,4,1,4,5,3,2,5,5,4,2.2,1,5,2,1,2,2,4,4,4,4,2,Italy,23,28,65,100,11,13,15.25197674,81.8354944,42.6384261,12.674297
Mastador,Very Large,Mixed Breed Dogs,11,2.8,1,2,4,3,4,2,4.33,5,5,3,3,4,4,4,4,4,4,4,3.2,4,4,4,2,2,2,4,4,4,4,4,United States of America,28,36,85,160,10,12,32.00001728,121.5186544,39.7837304,-100.445882
Mastiff,Very Large,Working Dogs,8,2.6,2,1,3,3,4,1,4,5,5,2,2,3.6,3,5,3,3,4,5,2.6,3,2,4,2,2,1,3.33,3,3,4,4,England,27,32,130,220,6,10,29.50001593,173.613825,52.5310214,-1.2649062
Miniature Pinscher,Small,Companion Dogs,12,3.2,5,3,5,2,1,3,3.33,5,3,2,3,3.2,2,1,5,3,5,1,3.2,3,3,2,3,5,5,3.67,4,3,4,5,Germany,10,12,8,11,10,14,11.00000594,9.4357736,51.1638175,10.4478313
Miniature Schnauzer,Medium,Terrier Dogs,13,4,4,3,4,5,4,4,3.67,5,3,3,3,2.4,2,1,2,3,4,2,3.6,5,4,2,4,3,3,4.33,5,3,5,4,Germany,13,14,11,20,12,14,13.50000729,15.3882476,51.1638175,10.4478313
Morkie,Small,Mixed Breed Dogs,12,2.4,3,2,3,2,2,3,3,4,3,2,3,2.6,1,1,3,4,4,1,4,3,4,5,3,5,2,3.67,4,3,4,5,United States of America,4,8,7,13,10,14,6.00000324,9.92079,39.7837304,-100.445882
Mountain Cur,Very Large,Working Dogs,13,2.2,1,1,3,2,4,4,3.67,4,4,3,2,2.6,2,1,4,5,1,4,3.2,2,4,2,5,3,4,4.33,4,4,5,4,United States of America,16,26,30,60,10,16,21.00001134,44.643555,39.7837304,-100.445882
Mountain Feist,Medium,Terrier Dogs,14,2.8,2,1,4,3,4,3,3.67,5,3,3,2,3.4,3,4,5,4,1,2,3.8,3,3,4,5,4,4,4,4,4,4,5,United States of America,10,22,10,30,10,18,16.00000864,19.84158,39.7837304,-100.445882
Mudi,Medium,Herding Dogs,13,3,2,4,4,2,3,3,2.67,4,2,2,2,2.8,3,1,4,4,2,2,4,5,4,3,4,4,4,3.33,4,2,4,4,Hungary,14,20,18,29,12,14,17.00000918,23.3248796,47.1817585,19.5060937
Neapolitan Mastiff,Very Large,Working Dogs,9,1.8,2,1,4,1,1,2,3.67,5,4,2,1,3.6,3,5,3,2,5,5,2,3,3,2,1,1,1,2.33,3,1,3,4,Italy,24,31,120,200,8,10,27.50001485,158.73264,42.6384261,12.674297
Newfoundland,Very Large,Working Dogs,9,2.8,1,3,4,1,5,2,4.67,5,5,4,4,3.4,5,5,2,1,4,5,4,5,4,3,4,4,3,2.33,3,1,3,4,Canada,25,29,100,150,8,10,27.00001458,124.009875,61.0666922,-107.991707
Norfolk Terrier,Small,Terrier Dogs,14,4,4,5,4,3,4,4,4.67,5,4,5,4,3.2,1,1,4,5,5,1,3,5,4,2,1,3,4,4,4,4,4,5,England,9,10,11,12,12,15,9.50000513,11.4199316,52.5310214,-1.2649062
Northern Inuit Dog,Very Large,Hybrid Dogs,14,2.4,1,1,4,1,5,3,4,5,4,3,5,2.8,5,1,2,4,2,4,3.8,2,4,4,4,5,5,4.67,5,4,5,5,England,23,32,55,110,12,15,27.50001485,81.8354944,52.5310214,-1.2649062
Norwegian Buhund,Large,Herding Dogs,14,3.6,3,3,3,4,5,2,4.33,5,5,3,3,2.6,3,1,2,4,3,3,3.2,4,3,3,2,4,4,4.33,4,4,5,5,Norway,16,18,26,40,12,15,17.00000918,32.738607,61.1529386,8.7876653
Norwegian Elkhound,Very Large,Hound Dogs,14,3.8,4,4,4,2,5,3,4.33,5,4,4,4,3.4,5,1,3,4,4,3,3.4,2,4,3,4,4,4,4.33,5,3,5,4,Norway,19,20,44,51,12,15,19.50001053,47.1347756,61.1529386,8.7876653
Norwegian Lundehund,Medium,Working Dogs,11,2.4,1,1,3,2,5,3,5,5,5,5,5,3.2,5,1,4,3,3,3,3,4,5,3,2,1,5,4.33,4,4,5,5,Norway,12,15,13,16,10,12,13.50000729,14.3741224,61.1529386,8.7876653
Norwich Terrier,Medium,Terrier Dogs,12,3.6,5,3,4,2,4,4,5,5,5,5,5,2.8,2,1,2,4,5,1,3.8,4,4,4,3,4,4,4.33,5,4,4,5,England,8,11,10,12,10,14,10.0000054,11.904948,52.5310214,-1.2649062
Nova Scotia Duck Tolling Retriever,Large,Sporting Dogs,12,3.4,5,3,3,2,4,4,4.67,5,5,4,4,3.4,3,1,5,4,4,3,4.4,4,5,4,5,4,3,4.33,5,3,5,5,Canada,17,21,35,50,10,14,19.00001026,42.1523344,61.0666922,-107.991707
Old English Sheepdog,Very Large,Herding Dogs,11,3.8,5,4,4,2,4,2,4.33,5,4,4,4,2.8,1,4,1,4,4,4,2.6,3,4,2,3,1,2,3.67,4,3,4,4,England,20,24,80,100,10,12,22.00001188,89.28711,52.5310214,-1.2649062
Otterhound,Very Large,Hound Dogs,11,3.2,1,4,2,5,4,3,5,5,5,5,4,2.8,4,1,2,4,3,4,3.2,2,4,3,5,2,5,4.67,5,4,5,5,England,24,27,80,115,10,12,25.50001377,96.7387256,52.5310214,-1.2649062
Papillon,Small,Companion Dogs,14,3.2,5,5,3,1,2,4,4,5,3,4,5,2.4,2,1,3,3,3,1,3.6,5,4,3,4,2,1,4,4,3,5,5,France,8,11,4,9,12,16,9.50000513,6.4374904,46.603354,1.8883335
Papipoo,Small,Mixed Breed Dogs,12,3.4,5,5,4,1,2,4,4,5,3,4,4,2,1,1,2,3,3,1,3.6,5,5,3,3,2,2,4.33,5,3,5,5,United States of America,10,11,6,14,10,14,10.50000567,9.92079,39.7837304,-100.445882
Patterdale Terrier,Medium,Terrier Dogs,12,2.4,1,2,4,1,4,4,4,4,4,4,4,2.8,2,1,4,4,3,2,3.8,3,5,4,5,2,4,4,4,4,4,4,England,12,15,11,13,11,14,13.50000729,11.904948,52.5310214,-1.2649062
Peekapoo,Medium,Hybrid Dogs,12,3.8,5,5,4,2,3,2,4.33,5,4,4,3,2.4,2,1,2,3,4,1,3.6,3,4,4,3,4,1,2.67,3,2,3,4,United States of America,6,11,4,20,10,15,11.00000594,11.904948,39.7837304,-100.445882
Pekingese,Small,Companion Dogs,14,3.6,5,4,2,3,4,1,3,5,2,2,2,2.2,4,1,1,2,3,1,3.8,3,4,3,5,4,3,1.67,2,1,2,3,China,6,9,7,14,12,15,7.50000405,10.4278526,35.000074,104.999927
Pembroke Welsh Corgi,Large,Herding Dogs,13,3.8,4,4,4,3,4,3,4,5,4,3,5,3.4,5,1,4,3,4,2,4,5,5,2,3,5,2,3.67,4,3,4,4,Wales,10,12,22,31,12,14,11.00000594,29.76237,52.2928116,-3.73893
Petit Basset Griffon Vendéen,Large,Hound Dogs,14,3.4,4,3,3,3,4,3,5,5,5,5,5,2.8,4,1,2,3,4,2,3.6,1,4,3,5,5,5,4.67,5,4,5,5,France,13,15,30,40,12,14,14.00000756,34.722765,46.603354,1.8883335
Pharaoh Hound,Very Large,Hound Dogs,12,3.2,4,4,5,2,1,5,5,5,5,5,4,3,2,1,4,5,3,3,4,3,4,4,5,4,4,3,2,3,4,4,Malta,21,25,45,55,11,14,23.00001242,49.60395,35.8885993,14.4476911
Pitsky,Very Large,Mixed Breed Dogs,14,2.2,2,1,4,1,3,3,4.33,5,5,3,5,3,4,2,3,4,2,3,3.4,3,3,4,3,4,4,4.33,4,4,5,5,United States of America,16,25,30,80,12,16,20.50001107,54.564345,39.7837304,-100.445882
Plott,Very Large,Hound Dogs,13,2,1,1,4,2,2,4,4,4,3,5,3,3.2,2,1,5,5,3,3,3.2,4,3,3,5,1,5,4.33,4,4,5,3,United States of America,20,27,40,75,12,14,23.50001269,57.0555656,39.7837304,-100.445882
Pocket Beagle,Small,Hound Dogs,10,3,4,3,4,2,2,4,5,5,5,5,4,3.4,3,1,5,3,5,2,3.8,3,4,4,3,5,5,4,4,4,4,4,England,7,12,7,15,10,15,9.50000513,10.912869,52.5310214,-1.2649062
Pointer,Very Large,Sporting Dogs,14,1.6,1,1,3,1,2,4,5,5,5,5,5,3,3,1,5,3,3,3,4.6,5,5,5,5,3,5,5,5,5,5,5,England,23,28,45,75,12,15,25.50001377,59.52474,52.5310214,-1.2649062
Polish Lowland Sheepdog,Very Large,Herding Dogs,11,3.4,4,2,4,3,4,4,4,5,4,3,3,2,1,1,1,4,3,3,3.2,4,4,3,3,2,3,3.67,4,3,4,4,Poland,17,20,35,55,10,12,18.50000999,44.643555,52.215933,19.134422
Pomapoo,Small,Mixed Breed Dogs,14,3.6,5,5,4,1,3,2,3.67,5,3,3,3,2.4,3,1,1,3,4,1,3.2,4,4,3,2,3,1,3,3,3,3,4,United States of America,8,10,5,15,12,15,9.00000486,9.92079,39.7837304,-100.445882
Pomchi,Small,Mixed Breed Dogs,15,3,4,3,3,3,2,4,3.33,4,3,3,3,3,3,1,2,5,4,1,3.6,3,4,4,3,4,3,3.33,3,4,3,4,United States of America,6,10,4,12,12,18,8.00000432,7.936632,39.7837304,-100.445882
Pomeagle,Medium,Mixed Breed Dogs,14,3.2,4,4,4,1,3,2,3.67,5,3,3,3,2.8,4,1,2,3,4,1,3.2,3,2,3,3,5,4,3.33,4,3,3,4,United States of America,6,11,5,25,12,15,8.50000459,14.881185,39.7837304,-100.445882
Pomeranian,Very Small,Companion Dogs,14,3.4,4,4,4,1,4,2,3,5,2,2,3,2.8,4,1,2,3,4,1,3.4,4,4,2,2,5,1,2.33,3,2,2,3,Germany,7,12,3,7,12,16,9.50000513,4.960395,51.1638175,10.4478313
Pomsky,Medium,Mixed Breed Dogs,14,3.4,5,2,4,1,5,3,3.33,5,2,3,3,2.6,4,1,2,3,3,2,3.8,3,4,3,4,5,2,3,4,2,3,4,United States of America,10,15,7,38,12,15,12.50000675,22.3107544,39.7837304,-100.445882
Poochon,Small,Mixed Breed Dogs,14,3.8,5,5,5,1,3,4,4.67,5,5,4,4,2,1,1,1,3,4,2,3.4,5,4,3,3,2,2,3.67,4,3,4,5,United States of America,9,15,6,17,12,15,12.00000648,11.4199316,39.7837304,-100.445882
Poodle,Large,Companion Dogs,14,3.6,5,5,4,1,3,4,4.67,5,5,4,4,1.8,1,1,1,2,4,4,3.6,5,5,4,2,2,3,3.67,4,3,4,5,Germany,10,22,6,70,12,15,16.00000864,37.699002,51.1638175,10.4478313
Portuguese Podengo Pequeno,Small,Hound Dogs,14,3.4,5,4,3,3,2,3,4,4,4,4,4,2.8,3,1,4,4,2,1,3.6,4,3,3,4,4,3,3.67,5,3,3,3,Portugal,8,12,9,13,12,15,10.0000054,10.912869,39.6621648,-8.1353519
Portuguese Pointer,Very Large,Sporting Dogs,13,2,1,1,4,1,3,3,3.33,4,4,2,4,3.2,1,3,4,4,4,3,3.4,4,4,3,4,2,3,4.33,4,5,4,4,Portugal,20,22,35,59,12,14,21.00001134,46.627713,39.6621648,-8.1353519
Portuguese Sheepdog,Very Large,Herding Dogs,12,2.8,2,2,4,2,4,3,4,4,4,4,2,3.2,2,1,4,5,4,4,3.4,3,5,3,2,4,2,3.67,4,3,4,3,Portugal,16,22,37,59,12,13,19.00001026,47.619792,39.6621648,-8.1353519
Portuguese Water Dog,Very Large,Working Dogs,12,3.4,4,3,4,2,4,3,5,5,5,5,3,2.2,1,1,2,4,3,3,4,4,5,5,3,3,3,4.33,5,3,5,5,Portugal,17,23,35,60,10,14,20.0000108,47.1347756,39.6621648,-8.1353519
Pudelpointer,Very Large,Working Dogs,12,2.2,2,3,1,2,3,3,3.33,4,3,3,3,3,3,2,3,4,3,4,3.4,4,4,3,4,2,4,4,4,3,5,3,Germany,21,27,40,65,10,14,24.00001296,52.0731244,51.1638175,10.4478313
Pug,Medium,Companion Dogs,14,3.2,5,5,3,1,2,1,4.33,5,4,4,4,3.4,5,1,5,1,5,2,2.4,3,2,2,3,2,2,3.33,3,4,3,5,China,10,14,14,18,12,15,12.00000648,15.873264,35.000074,104.999927
Pugalier,Medium,Mixed Breed Dogs,14,3.8,5,5,5,2,2,2,5,5,5,5,5,3.4,4,1,4,3,5,2,3.2,4,3,3,3,3,2,3,3,3,3,5,United States of America,10,14,10,20,12,15,12.00000648,14.881185,39.7837304,-100.445882
Puggle,Medium,Hybrid Dogs,12,3.6,4,5,3,3,3,3,4.33,3,5,5,5,3.6,3,1,5,4,5,2,2.8,2,3,3,2,4,5,2.67,3,2,3,3,United States of America,13,15,18,30,10,15,14.00000756,23.809896,39.7837304,-100.445882
Puginese,Medium,Mixed Breed Dogs,13,4,5,3,5,4,3,1,3,4,3,2,2,3.2,3,1,4,3,5,2,2.25,2,2,2,NA,3,1,3,3,3,3,4,United States of America,6,14,7,18,12,14,10.0000054,12.3899644,39.7837304,-100.445882
Puli,Large,Herding Dogs,12,3,4,1,4,2,4,3,5,5,5,5,2,2.2,1,1,1,5,3,3,3.4,2,4,3,4,4,5,5,5,5,5,5,Hungary,16,17,25,35,10,15,16.50000891,29.76237,47.1817585,19.5060937
Pyredoodle,Very Large,Mixed Breed Dogs,11,3.4,3,4,3,3,4,3,4.33,5,4,4,3,2.8,2,2,3,4,3,4,3.2,3,5,3,2,3,5,3.67,4,3,4,5,United States of America,15,32,85,100,10,12,23.50001269,91.7562844,39.7837304,-100.445882
Pyrenean Mastiff,Very Large,Working Dogs,12,3.2,2,2,4,4,4,3,4,4,4,4,1,3.4,3,5,3,4,2,5,2.8,3,4,2,2,3,1,3.67,4,4,3,3,Spain,24,31,130,200,10,13,27.50001485,163.693035,39.3260685,-4.8379791
Pyrenean Shepherd,Large,Herding Dogs,16,3.2,5,2,4,1,4,3,4,5,5,2,2,2.4,3,1,3,2,3,2,3.6,2,4,3,4,5,2,4.67,4,5,5,5,France,15,21,25,30,15,17,18.00000972,27.2931956,46.603354,1.8883335
Rat Terrier,Medium,Terrier Dogs,16,3.2,5,3,4,3,1,4,4,4,5,3,4,3.4,4,1,5,4,3,1,3.8,5,4,2,4,4,4,4.33,5,4,4,5,United States of America,13,16,10,25,13,18,14.50000783,17.3724056,39.7837304,-100.445882
Redbone Coonhound,Very Large,Hound Dogs,11,3.2,4,2,5,2,3,2,4.67,5,5,4,3,3.4,2,4,5,3,3,3,3.8,3,4,4,4,4,5,4.33,4,4,5,5,United States of America,21,27,45,70,10,12,24.00001296,57.0555656,39.7837304,-100.445882
Rhodesian Ridgeback,Very Large,Hound Dogs,11,2.4,1,2,4,2,3,3,4.33,5,4,4,3,3.4,4,1,5,4,3,4,3,2,4,3,5,1,5,4.33,4,4,5,5,Zimbabwe,24,27,70,85,10,12,25.50001377,76.8971456,-18.4554963,29.7468414
Rottador,Very Large,Mixed Breed Dogs,11,3,3,2,5,1,4,3,4,5,4,3,3,4,4,4,5,2,5,4,4,4,5,4,3,4,3,5,5,5,5,5,United States of America,24,27,70,115,10,12,25.50001377,91.7562844,39.7837304,-100.445882
Rottle,Very Large,Mixed Breed Dogs,12,3.2,4,3,3,3,3,3,4,5,4,3,3,3,2,2,4,4,3,3,3.6,5,5,3,3,2,2,3.67,4,3,4,5,United States of America,12,27,60,90,9,15,19.50001053,74.405925,39.7837304,-100.445882
Rottweiler,Very Large,Working Dogs,10,2,2,1,4,1,2,3,3.67,5,4,2,4,4,4,4,5,2,5,3,4,4,5,3,4,4,2,4,4,4,4,5,Germany,22,27,85,130,8,11,24.50001323,106.6595156,51.1638175,10.4478313
Saint Berdoodle,Very Large,Mixed Breed Dogs,10,3.2,2,5,3,2,4,3,5,5,5,5,4,3,3,1,4,4,3,4,3.4,4,4,3,3,3,3,3,3,3,3,3,United States of America,15,30,40,180,8,12,22.50001215,109.12869,39.7837304,-100.445882
Saint Bernard,Very Large,Working Dogs,9,3,3,2,4,1,5,1,5,5,5,5,5,3.4,4,5,2,2,4,5,2.2,2,4,3,1,1,2,2.33,3,2,2,4,Switzerland,26,30,120,180,8,10,28.00001512,148.81185,46.7985624,8.2319736
Saluki,Very Large,Hound Dogs,13,2.2,1,2,5,1,2,3,4.33,5,4,4,1,2.4,2,1,4,4,1,4,3.6,4,4,4,5,1,5,4,5,2,5,5,Egypt,23,28,35,70,12,14,27.50001485,66.9763556,26.2540493,29.2675469
Samoyed,Very Large,Working Dogs,13,3,2,2,4,2,5,1,5,5,5,5,5,3,5,2,1,3,4,3,3.4,3,3,3,5,3,4,4,5,2,5,5,Russia,19,24,50,60,12,14,21.50001161,54.564345,64.6863136,97.7453061
Samusky,Very Large,Mixed Breed Dogs,14,3,2,3,3,2,5,3,4.33,4,5,4,4,3,4,2,2,3,4,4,3.2,3,5,3,3,2,4,4,5,3,4,5,United States of America,20,24,45,60,12,15,22.00001188,52.0731244,39.7837304,-100.445882
Schipperke,Medium,Companion Dogs,14,3.2,4,2,4,3,3,2,3.67,4,5,2,2,3.6,3,1,5,4,5,1,3,2,4,3,2,4,5,4.33,5,3,5,5,Belgium,10,15,11,18,13,15,12.50000675,14.3741224,50.6402809,4.6667145
Schnoodle,Very Large,Hybrid Dogs,12,3.2,3,5,4,2,2,4,4,4,5,3,3,2.8,2,1,4,3,4,4,3.4,4,5,3,3,2,3,3.67,4,3,4,4,United States of America,10,26,20,75,10,15,18.00000972,47.1347756,39.7837304,-100.445882
Scottish Deerhound,Very Large,Hound Dogs,10,2.2,1,1,3,2,4,4,3.67,5,4,2,5,3,5,1,2,3,4,5,3,2,3,4,5,1,4,5,5,5,5,5,Scotland,28,32,75,110,8,11,30.0000162,91.7562844,56.7861112,-4.1140518
Scottish Terrier,Medium,Terrier Dogs,12,3.4,4,2,4,3,4,3,4.33,5,4,4,4,2.4,2,1,2,4,3,2,3,1,4,3,3,4,5,4,4,4,4,4,Scotland,10,11,18,22,11,13,10.0000054,19.84158,56.7861112,-4.1140518
Sealyham Terrier,Medium,Terrier Dogs,13,3.6,4,4,4,2,4,3,4,4,4,4,3,3.2,4,3,1,5,3,2,3,3,4,2,2,4,3,3.33,4,2,4,4,Wales,10,11,22,24,12,14,10.0000054,22.817817,52.2928116,-3.73893
Sheepadoodle,Very Large,Mixed Breed Dogs,14,3.8,4,4,5,2,4,3,4.67,5,5,4,4,2.6,1,1,3,4,4,4,2.8,3,5,3,1,2,2,3.67,4,3,4,5,United States of America,16,22,60,80,12,15,19.00001026,69.44553,39.7837304,-100.445882
Shepsky,Very Large,Mixed Breed Dogs,12,2.4,1,1,4,2,4,3,4,5,4,3,4,3,4,2,3,4,2,4,4,4,5,4,4,3,2,4.67,5,4,5,5,United States of America,20,25,45,88,10,14,22.50001215,65.9622304,39.7837304,-100.445882
Shetland Sheepdog,Medium,Herding Dogs,14,3.2,2,3,5,2,4,3,4.67,5,5,4,5,3,5,1,2,4,3,2,3.6,5,5,1,3,4,2,3.33,4,2,4,4,Scotland,13,16,16,20,12,15,14.50000783,19.84158,56.7861112,-4.1140518
Shiba Inu,Medium,Companion Dogs,14,4.2,5,4,3,5,4,3,3.33,4,3,3,3,2.8,4,1,4,3,2,2,3.4,2,4,4,3,4,4,3,4,2,3,3,Japan,13,17,17,23,12,16,15.0000081,19.84158,36.5748441,139.2394179
Shichon,Medium,Mixed Breed Dogs,15,3.2,5,4,4,1,2,2,4.67,5,5,4,4,2.6,1,1,4,4,3,2,2.2,3,4,1,1,2,1,3,4,2,3,5,United States of America,9,12,9,15,12,18,10.50000567,11.904948,39.7837304,-100.445882
Shih-Poo,Medium,Mixed Breed Dogs,15,3.2,5,2,4,2,3,2,3.33,5,3,2,4,2.2,1,1,2,3,4,1,2.6,2,4,3,2,2,2,2,3,1,2,4,United States of America,8,18,8,18,13,17,13.00000702,12.897027,39.7837304,-100.445882
Shih Tzu,Medium,Companion Dogs,13,3.8,5,5,3,3,3,1,4.33,5,4,4,5,2.4,3,1,1,3,4,1,3.4,3,4,4,4,2,2,2.33,2,3,2,4,Tibet,9,10,9,16,10,16,9.50000513,12.3899644,31.6692025,87.473225
Shikoku,Very Large,Companion Dogs,11,3.2,3,2,3,3,5,4,3,4,3,2,2,3.6,4,1,4,5,4,3,2.8,2,4,2,4,2,3,3,3,3,3,2,Japan,17,22,35,55,10,12,19.50001053,44.643555,36.5748441,139.2394179
Shiloh Shepherd,Very Large,Working Dogs,12,2.8,1,2,4,2,5,4,4.67,5,5,4,5,3.6,4,3,4,3,4,5,3.8,5,5,4,1,4,3,4,4,4,4,5,United States of America,26,30,80,130,9,14,28.00001512,104.168295,39.7837304,-100.445882
Shiranian,Small,Mixed Breed Dogs,14,3.2,4,4,4,2,2,1,3.67,5,3,3,4,2.2,2,2,2,2,3,2,2,2,4,1,1,2,2,2.33,2,3,2,4,United States of America,7,12,4,16,12,16,9.50000513,9.92079,39.7837304,-100.445882
Shollie,Very Large,Mixed Breed Dogs,14,2.4,1,2,3,2,4,4,3.67,4,4,3,2,3.2,4,2,3,3,4,4,3.4,4,4,3,3,3,4,4.33,5,4,4,4,United States of America,21,29,70,80,13,15,25.0000135,74.405925,39.7837304,-100.445882
Shorkie,Small,Mixed Breed Dogs,14,2.8,5,3,3,1,2,2,3,4,3,2,3,2.4,2,1,4,2,3,1,3,2,3,2,4,4,3,3,4,3,2,5,United States of America,6,14,5,15,11,16,10.0000054,9.92079,39.7837304,-100.445882
Siberian Husky,Very Large,Working Dogs,14,2.6,2,1,4,1,5,3,5,5,5,5,5,3,4,3,2,4,2,3,3.4,2,3,4,3,5,5,4.33,5,3,5,5,Russia,20,23,35,60,12,15,21.50001161,47.1347756,64.6863136,97.7453061
Silken Windhound,Large,Hound Dogs,17,3.6,4,4,4,2,4,4,4,5,4,3,4,2.8,2,2,4,4,2,3,3.6,5,4,3,5,1,4,3.33,4,2,4,5,United States of America,18,23,20,55,14,20,15.33465395,37.2139856,39.7837304,-100.445882
Silky Terrier,Small,Companion Dogs,14,3,5,3,3,3,1,4,3,4,3,2,3,2.8,2,1,4,4,3,1,3.8,4,4,2,5,4,3,3.67,4,4,3,4,Australia,9,10,8,10,12,15,9.50000513,8.928711,-24.7761086,134.755
Skye Terrier,Large,Terrier Dogs,13,3.4,4,4,3,2,4,4,3.33,4,4,2,5,3,3,1,3,5,3,2,3.4,2,4,3,4,4,4,3.33,3,4,3,4,Scotland,9,10,25,40,12,14,9.50000513,32.2315444,56.7861112,-4.1140518
Sloughi,Very Large,Hound Dogs,14,3,4,2,4,3,2,3,4.67,5,5,4,3,2.8,3,1,5,3,2,4,3.4,3,4,3,5,2,3,4.33,5,3,5,3,Morocco,24,29,40,63,12,16,26.50001431,51.1030916,28.3347722,-10.3713379
Small Munsterlander Pointer,Very Large,Sporting Dogs,13,3,1,2,3,4,5,3,5,5,5,5,4,3,3,1,3,5,3,3,4.2,5,5,3,5,3,4,4.67,4,5,5,4,Germany,19,22,40,60,12,14,20.50001107,49.60395,51.1638175,10.4478313
Soft Coated Wheaten Terrier,Large,Terrier Dogs,14,3.4,5,4,4,2,2,3,5,5,5,5,5,2.6,2,1,3,4,3,3,3.2,4,4,2,3,3,4,3.67,4,3,4,5,Ireland,17,19,30,40,12,15,18.00000972,34.722765,52.865196,-7.9794599
Spanish Mastiff,Very Large,Working Dogs,11,2.6,2,1,3,3,4,3,3.33,4,4,2,2,3,3,2,3,4,3,5,2,2,4,2,1,1,2,2.67,3,2,3,4,Spain,26,35,140,220,10,12,30.50001647,178.57422,39.3260685,-4.8379791
Spinone Italiano,Very Large,Sporting Dogs,12,3.8,4,4,5,2,4,3,5,5,5,5,5,2.8,3,4,2,3,2,4,3.2,4,4,2,4,2,2,3.33,4,2,4,4,Italy,22,28,61,86,10,14,25.0000135,72.9288296,42.6384261,12.674297
Springador,Very Large,Mixed Breed Dogs,12,2.8,2,3,4,1,4,4,3.33,4,3,3,3,3,1,2,4,4,4,4,3.8,5,5,2,4,3,4,3.67,4,3,4,4,United States of America,18,24,50,90,10,14,21.00001134,69.44553,39.7837304,-100.445882
Stabyhoun,Very Large,Sporting Dogs,14,2.8,2,3,4,3,2,2,4.67,5,5,4,3,3,3,1,3,5,3,3,3.6,5,5,1,4,3,3,3.67,3,4,4,5,Netherlands,19,20,45,50,13,14,19.50001053,47.1347756,52.2434979,5.6343227
Staffordshire Bull Terrier,Large,Terrier Dogs,13,2.6,3,1,4,2,3,1,3.67,5,5,1,5,3.6,3,3,5,3,4,2,2.4,2,3,2,2,3,4,3.33,3,3,4,5,England,14,16,24,38,12,14,15.0000081,30.754449,52.5310214,-1.2649062
Staffy Bull Bullmastiff,Very Large,Hybrid Dogs,14,2.6,4,1,3,2,3,1,3.33,5,4,1,1,2.8,3,2,4,3,2,4,2,1,3,3,2,1,2,2,1,4,1,3,United States of America,14,27,38,130,12,16,20.50001107,83.334636,39.7837304,-100.445882
Schnauzer,Large,Working Dogs,14,3.2,4,2,4,2,4,4,3.67,4,4,3,2,2,1,1,2,5,1,3,3.6,3,5,3,5,2,5,4.33,5,3,5,5,Germany,17,20,30,50,13,16,18.50000999,39.68316,51.1638175,10.4478313
Sussex Spaniel,Large,Sporting Dogs,12,4.2,5,5,5,1,5,5,5,5,5,5,5,3.4,3,1,4,4,5,2,3,3,5,2,1,4,1,1.67,2,1,2,4,England,13,15,35,45,11,14,14.00000756,39.68316,52.5310214,-1.2649062
Swedish Lapphund,Large,Herding Dogs,13,3,2,2,4,2,5,2,4,4,4,4,4,2.6,4,2,2,3,2,3,3.8,4,5,4,2,4,2,3.33,3,4,3,4,Sweden,16,20,30,45,12,14,18.00000972,37.2139856,59.6749712,14.5208584
Swedish Vallhund,Large,Herding Dogs,14,2.8,3,1,3,3,4,3,4,5,4,3,5,3.6,4,1,5,4,4,3,3.4,5,5,2,4,1,3,4.33,5,3,5,5,Sweden,11,13,22,35,12,15,12.00000648,28.2632284,59.6749712,14.5208584
Taiwan Dog,Large,Hound Dogs,12,2.8,3,2,3,2,4,4,3.67,4,3,4,2,3.4,3,3,4,4,3,3,3.6,4,4,3,4,3,4,3.67,4,3,4,4,Taiwan,16,21,25,40,10,13,18.50000999,32.2315444,23.9739374,120.9820179
Terripoo,Medium,Mixed Breed Dogs,12,3.2,5,5,2,1,3,4,4,5,4,3,3,2.2,1,1,3,3,3,1,3.6,4,5,2,4,3,3,4,5,3,4,5,United States of America,9,15,10,14,10,15,12.00000648,11.904948,39.7837304,-100.445882
Texas Heeler,Large,Mixed Breed Dogs,14,3,2,3,3,3,4,3,3.33,4,3,3,3,3.4,4,2,3,3,5,3,3.4,3,5,4,3,2,4,4.33,5,3,5,4,United States of America,16,22,25,50,12,15,19.00001026,37.2139856,39.7837304,-100.445882
Thai Ridgeback,Very Large,Companion Dogs,12,2.4,2,2,2,2,4,3,2.67,3,2,3,3,3.2,3,2,4,4,3,3,2.8,2,4,2,4,2,4,4,4,4,4,3,Thailand,20,24,35,75,10,13,22.00001188,54.564345,14.8971921,100.83273
Tibetan Mastiff,Very Large,Working Dogs,12,2.6,1,1,5,1,5,2,5,5,5,5,2,3,2,2,4,3,4,5,3.2,1,5,5,3,2,3,2.67,4,2,2,5,Tibet,24,26,75,160,10,14,25.0000135,116.5803056,31.6692025,87.473225
Tibetan Spaniel,Medium,Companion Dogs,14,3.2,5,4,5,1,1,2,4.67,5,5,4,3,3.2,3,1,4,5,3,1,3.6,4,4,3,3,4,3,3.33,3,3,4,4,Tibet,9,11,9,15,12,15,10.0000054,11.904948,31.6692025,87.473225
Tibetan Terrier,Medium,Companion Dogs,14,3.4,5,3,4,1,4,4,4.67,5,5,4,3,2.2,1,1,1,5,3,2,3.2,4,4,2,2,4,3,4.67,5,4,5,5,Tibet,14,16,20,24,12,15,15.0000081,21.825738,31.6692025,87.473225
Toy Fox Terrier,Very Small,Companion Dogs,14,3,5,3,4,1,2,3,4,5,4,3,3,3.4,4,1,5,5,2,1,3.6,3,4,2,5,4,4,4.67,5,4,5,5,United States of America,8,11,3,7,13,14,9.50000513,4.960395,39.7837304,-100.445882
Transylvanian Hound,Very Large,Hound Dogs,11,2.6,3,2,2,3,3,3,3.33,4,3,3,2,3.4,3,3,4,4,3,3,3.2,2,4,3,4,3,4,4.33,4,4,5,4,Hungary,18,25,55,77,10,12,21.50001161,65.477214,47.1817585,19.5060937
Treeing Tennessee Brindle,Large,Hound Dogs,11,2.2,1,2,3,2,3,3,4,4,4,4,3,3.8,4,3,5,4,3,3,3,3,4,3,4,1,1,4.33,4,4,5,3,United States of America,16,24,30,45,10,12,20.0000108,37.2139856,39.7837304,-100.445882
Treeing Walker Coonhound,Very Large,Hound Dogs,12,2.6,1,2,5,2,3,3,3.67,4,4,3,3,3.4,3,2,5,4,3,4,3.6,2,4,3,4,5,5,4.33,4,4,5,3,United States of America,20,27,45,80,12,13,23.50001269,61.9939144,39.7837304,-100.445882
Valley Bulldog,Very Large,Mixed Breed Dogs,10,2.8,4,3,4,2,1,1,4,5,4,3,4,3.8,4,3,5,3,4,4,3,3,3,2,3,4,1,4,4,4,4,4,Canada,12,25,50,125,8,12,18.50000999,86.8179356,61.0666922,-107.991707
Vizsla,Very Large,Sporting Dogs,12,2.2,1,3,5,1,1,4,5,5,5,5,5,2.8,2,1,5,4,2,3,4,5,4,4,2,5,5,4.67,5,4,5,5,Hungary,21,24,45,65,10,14,22.50001215,54.564345,47.1817585,19.5060937
Weimaraner,Very Large,Sporting Dogs,12,2.4,1,2,5,1,3,4,4,5,4,3,3,3.6,4,4,5,3,2,4,4.2,4,5,5,5,2,5,5,5,5,5,5,Germany,23,27,55,85,11,13,25.0000135,69.44553,51.1638175,10.4478313
Welsh Springer Spaniel,Very Large,Sporting Dogs,12,3.6,4,4,5,1,4,4,4.67,5,5,4,3,3.2,3,1,4,4,4,3,4.2,5,5,3,3,5,5,4.67,5,4,5,4,Wales,17,19,35,55,10,15,18.00000972,44.643555,52.2928116,-3.73893
Welsh Terrier,Medium,Terrier Dogs,12,2.6,3,3,3,2,2,2,4.67,4,5,5,4,2.6,2,1,2,5,3,2,3.8,3,5,2,5,4,4,5,5,5,5,5,Wales,14,15,15,22,10,14,14.50000783,19.84158,52.2928116,-3.73893
West Highland White Terrier,Medium,Terrier Dogs,14,3.6,4,4,4,2,4,3,4.67,5,4,5,3,3,4,1,3,3,4,2,3.6,4,4,2,4,4,3,4,4,4,4,4,Scotland,10,11,13,22,12,16,10.50000567,17.3724056,56.7861112,-4.1140518
Westiepoo,Large,Mixed Breed Dogs,14,3,3,4,4,1,3,3,4,4,4,4,4,3,1,1,5,4,4,2,3.6,4,4,3,4,3,3,4,4,4,4,5,United States of America,11,17,20,35,12,15,14.00000756,27.2931956,39.7837304,-100.445882
Whippet,Large,Hound Dogs,14,3.2,5,3,5,2,1,4,4.67,5,5,4,4,2.6,2,1,5,4,1,3,3.6,4,4,4,5,1,4,4,5,2,5,5,England,18,22,18,48,12,15,20.0000108,32.738607,52.5310214,-1.2649062
Whoodle,Large,Mixed Breed Dogs,14,2.6,4,1,3,1,4,2,3.67,4,4,3,4,2.4,2,1,3,4,2,3,2,2,4,1,2,1,3,4,4,4,4,4,United States of America,12,20,20,45,12,15,16.00000864,32.2315444,39.7837304,-100.445882
Wirehaired Pointing Griffon,Very Large,Sporting Dogs,12,2.6,1,3,4,1,4,3,4.67,5,5,4,5,2.4,1,1,3,4,3,3,4.2,5,5,3,4,4,4,4,5,3,4,5,Netherlands,20,24,50,60,10,14,22.00001188,54.564345,52.2434979,5.6343227
Xoloitzcuintli,Large,Companion Dogs,17,3,5,1,5,1,3,3,3.33,5,3,2,1,3,1,1,5,5,3,3,4.2,3,5,3,5,5,5,3,3,3,3,3,Mexico,18,23,10,50,14,20,20.50001107,29.76237,23.6585116,-102.0077097
Yakutian Laika,Very Large,Working Dogs,11,2.6,1,3,3,1,5,3,4.33,5,4,4,4,3.2,4,2,3,4,3,3,3.4,4,4,2,3,4,3,4,4,3,5,4,Russia,20,23,40,55,10,12,21.50001161,47.1347756,64.6863136,97.7453061
Yorkipoo,Small,Hybrid Dogs,12,3.8,5,5,4,3,2,3,4,5,4,3,2,2.2,1,1,4,3,2,1,3.8,4,4,3,3,5,2,3.67,5,3,3,4,United States of America,7,15,3,14,10,15,11.00000594,8.4216484,39.7837304,-100.445882
Yorkshire Terrier,Very Small,Companion Dogs,14,3.6,5,4,5,2,2,2,3,4,2,3,2,2.2,2,1,2,4,2,1,2.6,3,3,2,2,3,3,4.33,5,4,4,5,England,8,9,4,6,12,15,8.50000459,4.960395,52.5310214,-1.2649062
